true_x,true_y,pred_x_mlp,pred_y_mlp,error_m_mlp
480.8947053608817,-1086.724410085134,716.5698743949354,-1292.3244650930005,312.75256660572353
42.62218164945437,930.027812313567,50.63517614664312,1053.5215498401762,123.75342940340295
-311.4719070771041,218.88702378206779,-310.4856897385143,196.1870236193471,22.721413512949734
18.517670117325707,803.8566078028183,15.96302944626499,797.1552607216689,7.1717669831267425
200.58030457633492,970.3863906579751,184.99324614827202,1118.1698625176928,148.60319964708637
222.6437309457574,126.11584821133397,269.9615089355045,177.83401759705546,70.09808241669081
618.1202679385262,94.83515911604376,513.9189468150904,89.92741364682047,104.31683128556041
-64.55214686894341,864.30153958756,-10.202637344405483,1210.9308461430503,350.864283375635
-24.40480162514632,-1179.8513757076366,-22.010529840133874,-1136.0791828370816,43.837625461212845
985.2741125116224,71.9936571554318,451.38795772307043,77.29850372317028,533.9125093795919
7.777217526164916,696.6724917322109,25.35146760569447,672.0853504691939,30.222206758365555
-73.81865518557466,-1145.840477586393,-63.496170834895906,-1125.9998593845248,22.365236725827693
42.698992615068676,510.6947999995169,45.4535300524961,643.4483322437574,132.78210647454267
288.3217944877422,84.13780506030744,261.7439957762263,82.88798932762431,26.60716865274313
522.5507093236714,227.8415675804105,526.5481595505291,259.29391401139304,31.705357659719677
-124.35422122682127,-1158.7454254614304,-46.28845497154059,-1305.6594344742311,166.3670337093182
81.07762703109142,417.7406497137464,84.3608546554573,533.444452242134,115.75037582298178
-8.97859640987501,658.6173182995263,2.967867391849534,918.1626811255693,259.8201558037178
48.22779194775025,-1566.2991880342645,0.6882530402014442,-77.1893354322858,1489.8685045586503
-97.01472584787982,603.6215867965175,-61.66480425672024,840.4111867611285,239.4137247692823
193.0651663631295,937.8036627205885,179.55830047093147,844.6229032210157,94.15460353666754
196.9114368849023,955.9134121288827,167.62500526009234,826.2360920131044,132.9432301011401
-87.72007453455296,929.2019027483857,-134.04776757061447,869.2401313191525,75.7738026957546
-23.80102004652497,900.0090240305169,-8.78707266019013,612.8153479231305,287.5858588529589
973.5360879676114,84.34282974381549,750.37007782996,98.98863800511421,223.64607705118604
-176.5327068647133,618.741103228285,-160.87636165524444,566.2496293203309,54.77660064614719
18.260695528473892,687.0951257401098,16.830274945732857,652.2939888365735,34.83052156976989
-44.72460982523609,-1103.2282527815073,-39.56525008174668,-1412.064704595849,308.87954442182627
-156.1126555048656,598.2164763125621,-133.13772914011165,601.9665503527496,23.278966832158883
984.311911909119,86.63595243379531,599.7283268085664,151.99076760517468,390.0971491755344
624.8833342323574,91.7482000000611,531.0242380258576,94.39302234613506,93.89635256996552
200.60011361331934,964.6388964616871,194.97625117763832,760.9933757110375,203.7231600739069
211.03155965533585,951.7493999997064,266.83670150273537,888.9940812208922,83.97883002066037
13.809658546664666,692.2142583378238,6.089799013401555,732.1733356445848,40.69796174774618
16.26918394040784,943.0121595485231,23.066658440754622,1017.1796081977303,74.47829280210213
467.2998905631765,118.37209472171821,403.568426903321,119.06621317371928,63.735243473708444
-165.04233474086035,70.48456236256415,-176.58897957993915,78.61602464314367,14.122524061240346
32.261041857799945,495.898468835813,47.76196888590595,529.4787729729942,36.98534256534954
-186.8056157590936,157.6055114260994,-181.42064518103854,225.88491154845843,68.49141836168761
-35.450715184101114,560.3805250138782,-39.83607427802389,723.6171436157259,163.29551441159595
-178.23879267521454,685.5819057570782,-173.9493745115903,719.6395930995658,34.326741402310105
-4.615352431697811,672.8052158867309,14.349656086755646,460.2594257191112,213.39021642540888
-164.65130117484986,664.8481545736151,-159.46134934434363,669.7721996825305,7.154147065696123
203.55621334705074,953.3733628514054,241.65474597507088,1022.6845426342903,79.0919580697286
915.3422032355525,-1073.9401541893346,-68.37437901106347,39.545677350350076,1485.7822893097716
102.18595400234234,99.63786723170341,85.596062342128,71.54558749977629,32.62515418867002
513.8232834299425,248.04285126238062,465.928613176865,242.53264950446408,48.21059802640887
100.70250142347453,927.7254136039858,26.61611685964507,805.2964219799084,143.1001410475477
212.81347994181402,952.1405569275167,247.7920671456805,922.2243487182861,46.02696032106105
206.87435990784536,944.2895220009555,142.85762838109483,977.5074187287224,72.1219146888423
205.39691712042713,977.1789751972051,205.51735687677913,920.5442340911013,56.63486916988783
119.22295618386741,906.7125835299591,120.88555036912068,864.3914774734744,42.35375115936091
-29.374553568145515,667.3825173399978,-52.85092696798772,704.8289262455417,44.19698686483066
14.029478238354887,821.6159594186093,15.419524040510233,833.2302878083259,11.697215535171841
23.66360693029408,677.6843989757559,22.00558991689713,599.5710554274988,78.13093792285332
1.243272588348916,643.9920782392724,-8.207574352160462,608.1020334946377,37.11352610120487
210.21042518199997,951.7493999997064,181.76882136935063,1331.0829906738159,380.3983410073558
7.624383208167863,-1123.6762136144343,-2.8917985769884913,-1131.0321653322378,12.833553873074676
205.6282012511802,939.9557288375829,150.98734173126144,950.212913028652,55.595263796523305
-60.7639510290408,882.1091999995939,-49.03551190213713,788.9702599094984,93.87448239782674
15.075285763320245,596.7032648899751,14.425191761374982,650.1866194479162,53.487305381574444
-147.09126417553765,72.82161159002185,-55.15691895219038,31.23130359383542,100.90429897116991
33.78678875956856,1180.9983220821614,24.0865997290777,1430.2174087288774,249.40779221237378
-81.49453347878298,590.717751330784,10.80431497235664,0.5483648931308984,597.343269915718
201.4682178040631,974.2982218578763,204.31084070219654,824.2834957770527,150.0416560360673
192.17179074582907,936.7722967377128,317.74233731842816,1061.3049438666194,176.85118706832034
-56.92610986269853,-1089.5920098400263,-66.08430912716366,-1027.1277766694336,63.13202863331594
87.13139810382235,659.1665551298141,51.46261906130165,714.6880749746445,65.99167344645876
-7.914465884838732,-1115.586483944463,-2.451301822557975,-1400.9358574914795,285.40166633228716
39.630658017871525,483.94220395540356,66.81932882071952,556.1054945795356,77.11526654125359
-71.43869918284445,621.2348000000446,-57.9520093853012,772.2228411732185,151.5891796237687
206.23886451268646,945.505831004176,11.112522309484012,563.2563255078887,429.1724290698989
-6.913084507033769,657.2486704823714,2.180666105279188,524.6478637365407,132.91226523479347
-133.13213995468922,610.4587799220672,-143.52087704809568,588.1474181462104,24.61143479541739
-38.33694411207658,-1100.7471290092706,-35.2770220646265,-1289.7529834779195,189.0306222450759
24.880988955475306,-1128.9175268408267,30.611631788413426,-1135.84426966122,8.989996294692059
933.2634098987195,26.368408914138257,617.677958847878,48.033924812315256,316.3282654049385
959.0677527662466,-1096.0384328144992,557.5377055067339,-6.5732473094855,1161.103255218803
299.15852692773956,93.21176286068007,272.54672297383655,95.89067695474559,26.746302368820082
-69.03666735422419,878.821905803096,-37.529703853384405,672.5561226071719,208.6582422682392
-322.3949795083212,199.85813743017712,-348.7416776730057,204.08496615384436,26.68360142934621
57.52061621564552,643.0027138963586,37.35405545852848,561.4832383890263,83.97687217181317
197.14610140725713,-1159.3765108710772,233.81933884863267,-1179.9438215392022,42.04688588410175
46.191414265717135,494.30450334155967,28.007619313545764,496.7598605052944,18.348819516909433
13.13815157395704,940.6954000001247,11.541531501253395,933.7347475194629,7.141419929755102
201.89131557862794,941.0638847119914,231.70066914617013,1033.9643032389836,97.56579996394771
35.96440593948213,677.0726871079511,21.8671881277622,593.8305599310908,84.42738469809225
125.0249669375762,911.2614284652918,81.05492000820058,819.0419115254917,102.16557312314931
-65.86746947870988,593.311809183934,-43.570739601318635,622.2376890676647,36.52192068160397
-93.06465098832889,604.3157667264272,-68.83335922778703,820.78441666404,217.82064159807547
-92.20484098518287,609.3675881083046,-62.91139144146398,567.6630609896508,50.964436309655525
629.5443564434363,114.12295560720355,417.19340078401376,121.81234068660359,212.49012921161616
-127.22705430095871,-1141.9198092673744,-72.09638351350888,-1059.3525228175108,99.28115457209388
222.4051488565089,976.2071102423628,181.1438409492049,1057.2310237374904,90.92507953412677
39.61658974447694,511.9960903717646,36.66559018705376,466.76837640445956,45.323884532289036
8.24385886660921,502.89147993662027,23.445862303878386,546.966380252636,46.62293155061644
-37.14387972400196,669.362293394916,-52.080965820723776,722.968608394676,55.648482000090304
943.7444610965654,-1081.3663144012892,560.7446378844334,-6.614420754691144,1140.9559577290759
-4.377069966924118,695.0590060320357,14.201736054986792,594.1005435400011,102.6537051545405
304.2100311038539,119.05548000649802,226.31534714285775,101.55472918503635,79.83644574189387
-193.45211245471202,120.84309585275173,-650.5463189898944,5.533165147851667,471.41435464694626
262.2309643834192,94.22199694289745,319.57279608503853,63.5973113738126,65.00736134548265
-5.581157613401577,-1124.7800891558406,-16.52990682099921,-1108.927968030853,19.265639189296312
-8.21134473365022,641.1320000000766,-2.2848861712980613,649.6231635688542,10.354842820777835
-1.707865548693849,510.643081438181,0.9290197516434155,620.5264406791371,109.91499352756264
58.90405491865328,487.22896891787224,40.88423504855722,584.4198482644127,98.84726064137793
-51.73147182205472,848.9472000000635,-38.25826617165042,850.6328207555956,13.578239496693492
22.052863874341824,519.6831817591896,40.904499509042175,642.4238843703245,124.17996715887215
-4.605738552314209,550.1050679960728,-12.445778045228378,649.394109255278,99.59809201697895
-305.5950918983078,208.82152527830547,-1.6466739248627733,53.69988260619625,341.243849488681
280.3797731588587,90.02935265670698,183.9826424282771,62.53414645856151,100.24167385357937
274.28759945318774,103.06549817061651,243.70221216502773,195.51226268599532,97.37489504450643
866.2166088775216,-1096.0901859278583,475.7629540856222,-1360.4754391720123,471.5438671781526
-131.17440280989948,676.2513892087238,-146.84542898407904,777.3132199579893,102.26961765717618
24.568940706070943,935.3176162552701,15.377342385438578,968.1262719580956,34.0718853120046
199.29187311050853,959.257504953269,219.13564594656376,941.0612064346958,26.923606744750792
150.5288344309059,335.95515302443766,154.02512009626375,384.1471409297471,48.31864766029029
953.3638242223013,98.74981820644106,871.4449089104908,106.88775720602216,82.32214001727904
201.23132413531954,1004.2598122290545,241.1071977847322,903.9127962771624,107.9796689648251
195.80274629185377,971.3926214682264,193.22837113078927,996.7498043269277,25.48752891120522
-32.8170449195043,-1093.7022726684152,-26.093771863710817,-1290.4208399612683,196.83342479958918
-9.633441307006793,-1090.3613218052092,0.6093307861449722,-1327.045776433892,236.9059843968261
51.94637811012004,286.93331441739286,60.695210835373494,312.8239449016495,27.328864245094138
197.8176045659446,955.0328761649054,243.28712409653016,1003.2224058845787,66.25487137520972
240.5741095202811,-1388.6315297219073,295.52951730780535,-1788.9573491023802,404.0802624575223
-43.4893849922289,1179.1172798960795,-21.955986979802667,1369.2446522729851,191.3428988933431
-65.13868029736577,609.5043804072702,-101.58032849766606,385.18659194828956,227.2585838701862
90.00926329390751,-1124.6674294042239,54.81479396077622,-1129.9016012327893,35.581557391037094
-125.65257470949582,-1251.0526737118519,-108.25418476547769,-1205.5095238516546,48.753281651930806
-8.635190773648002,898.802339834549,5.028473208179491,1430.288191608082,531.6614584007816
161.3736029649531,408.3193784531915,128.3134912183493,429.99816129570064,39.53404373739928
17.945342252434223,521.9267654175354,6.782828262957026,500.9094396141456,23.797682712632135
402.90329400322736,1017.0146514096587,335.4376747851681,1412.66915756656,401.3652924939296
207.2546789000489,971.238940862147,246.20584776675463,1056.7119388888425,93.92990443811868
175.7460637368166,946.3182948875354,167.89367102851082,1002.3453176242101,56.574617523950735
198.1141424628328,1020.9121094182243,192.33813266148815,1050.8467845587227,30.486834289450268
500.9707591505708,285.3477269105633,446.2335609074004,312.97718033904124,61.315149582045144
5.229924362322006,659.8078658565162,19.05075829033856,573.9733721081284,86.94006997643741
477.71912893237925,-1065.2113875296657,858.9307593792415,-1468.2815306777668,554.78630794693
27.264886393064096,692.6560391566916,5.351928370397589,622.7456459491353,73.26418502746257
-142.73762043448963,172.4677534625364,-144.77095550082097,160.22514666933589,12.410313154183173
-52.552722097313286,881.2496897605291,-36.94866564288384,614.2108444236267,267.4943578782535
161.37353778077113,352.5803954624258,112.46322820150115,459.4253931261385,117.50775254807145
952.1922263677853,44.579788855930765,958.3444996979176,35.94613433070189,10.601436581410187
235.6216735685534,1069.1093442502965,190.0503247273941,1047.247184272772,50.54405874171072
470.8919160047821,112.59889504608023,472.25959135388246,121.8125044135781,9.31456566015728
970.8369919475917,101.70192610798256,1274.5968171861416,126.78297569406259,304.7935210553101
372.027615230582,1026.2059690682486,229.89458306762054,1042.3238163102012,143.04399264405464
-197.08488622336597,269.71986009715846,-203.85965320442725,331.1681716888288,61.82064756304876
991.3687154171151,94.47007411257356,1143.407917240103,95.37669535447023,152.04190492442365
-0.7525225940969789,518.6322286600602,10.327385442109787,635.942568812971,117.83242452263487
108.70669270283419,1142.6596995950474,99.0010455789609,849.7093365272851,293.11109635704156
3.591715042101537,950.2113946158487,3.295368837178267,873.6904159472299,76.52155250304574
13.908825509945434,-1568.602019145652,0.061393677931987876,-75.74183649014566,1492.924404089696
11.773055398400395,-1077.8821368158326,-0.08107605563274504,-1393.0870230384767,315.4277107851488
46.517048947729954,408.8031599011673,15.62346125582593,476.9832817458878,74.85280739717312
25.557846888215266,695.5906576985822,9.836492801310332,791.8805814649647,97.56490349127401
999.7239153210552,95.67651679545929,1837.7398970750496,76.42492180332653,838.2370843531394
321.5288802461744,140.62300269597313,274.0162094649011,162.1868652011077,52.17714107643318
17.233136004582583,963.3285140797287,7.573744591671257,716.3476762290217,247.16965450456308
-5.01344939134402,536.7552956144822,-1.4452239131793903,627.8626223078155,91.17717483158157
199.4880399763001,1031.3599883897432,166.6459861773034,1030.280704684277,32.859783186337026
697.4725661363918,-1231.4588579475549,830.9598911536905,-1196.0189782496827,138.11173380011408
207.68895074579984,975.5689641908044,282.4773790044079,1046.8933093083128,103.34636523765319
-9.710239671681052,622.8248410382713,-2.264763396057739,322.6108970986591,300.3062557669212
-31.707571354432204,-1199.47924597426,-17.787642581711395,-1043.0994039011766,156.99815102045034
-32.706175992744946,-1102.577252182205,-19.138781244139317,-1137.9975853567378,37.929858982856715
-126.44263044322766,1116.9022565137109,-85.9688236835413,1209.4918062570803,101.04926400177443
42.22409480335016,916.0739228608546,72.60271100986675,1169.900819050986,255.63832567152087
23.301079150749175,928.411145083621,-1.4926355110350138,1110.5405695649465,183.8092912467398
-7.004060990280946,-1102.324225469388,-0.3174734072635526,-859.9627299733199,242.45371713503587
-47.73419054830571,690.0220164383064,-32.21532667512099,643.1164417702192,49.40615418000009
39.86075517155114,511.7197869243463,43.12164468832093,580.8238196202138,69.1809275398365
-411.47947375643264,255.45744514271604,-368.1954112882713,277.8029386394612,48.7117146419706
44.77705344574914,524.8918703366834,41.77776279770594,625.2466614959425,100.39960086080993
-101.82807539788574,620.8152648609358,-61.78448998108208,655.9450610185228,53.269046463274165
55.006412792125545,299.2458001412359,66.80425226322545,291.43165025079355,14.150970097351747
964.018458706301,101.87127259771002,1309.731850825504,108.45422530598314,345.77606157298555
-31.732401480137916,-1096.5426657087223,-9.503184557628186,-1395.1181356551203,299.40181919737967
25.369611655528054,498.8061379940559,20.744024269733274,637.3991346553992,138.6701654366747
-203.52941078937175,237.08541030668312,-155.87590187945537,293.9360213058944,74.18118954567342
-12.442768702873806,555.6556966311816,-7.5510323596419,589.1832233765601,33.88250483824605
24.219317258519027,808.6653899375448,42.14184547413204,1074.3155244323916,266.2540346638331
-9.736534269217026,-1072.6699775086497,-6.202281340583255,-2.6827306083020286,1069.9930838436055
667.5972835128372,-1168.9571844252503,591.3607956130729,-1375.6994691088576,220.35057150706152
-6.194177005351856,36.552634730745275,-3.558964701428124,62.182725284696446,25.76520688235373
41.53761884274316,518.5464480208884,40.4933367973727,532.7669528160071,14.25879663990889
889.6184531035935,-1105.9154295564265,338.17929128877,-1061.8569729879416,553.1964359775217
39.43383000654959,518.3712956089736,60.374376071658006,541.662967946249,31.321054735942823
-157.06413941942733,56.231295508810895,-134.41148542170018,55.12242048729865,22.679778150459892
-94.28110750262384,-1211.1166214782686,-18.090151344651126,-1224.678717759027,77.38857962125084
11.021146320675548,-1103.8913783318967,-3.8606463265737245,-1215.3216644620627,112.41964427735212
0.9310605277452186,538.4104583795416,-3.820497993301708,553.2417060840374,15.573799050040611
645.7097379217156,126.36876978753462,1069.6525953855394,121.08275216342254,423.9758110752481
518.6348854944973,316.50294857019514,525.7000110640589,361.89716400650104,45.940731321904586
-20.695628706004833,-1097.7725274295594,-20.323609583712123,-1174.1391197843352,76.3674984931931
541.2783597366042,324.95780554004,435.3897033952608,444.5675544820589,159.74636015805777
98.79925003987076,899.0734712018279,42.573040515029284,769.2639509936263,141.46341638110854
323.90869596887296,141.98698118297034,251.3425975854943,165.08186126941365,76.15255820255408
962.9081083807496,110.46410458708519,1318.5278375027424,112.82126841169132,355.62754106240925
-11.038313704463224,-1093.6843581973567,-1.3207382560429308,-916.5433239378759,177.40737665360558
205.28361834183897,951.7493999997064,129.57184518152835,970.6807013179634,78.04272397014967
204.20471035096844,928.2523627550046,170.34995445516205,778.1449854662618,153.877773616821
18.55298592924984,664.4532104435739,25.303544977402463,627.9287217123272,37.14307909344033
973.7151938381377,100.47188420074501,1366.8243652878054,107.45766339104173,393.1712372347955
192.6846810767045,940.5208387419241,196.78061343176944,1344.4284136302495,403.92834230098964
260.270300306125,126.78957459003243,104.666523459987,189.2317238611303,167.66501535614634
-39.53891160710951,683.3714621540952,-17.997796562035802,784.0759046345056,102.98254401924333
-67.2100828122812,608.83353330137,-62.452390227367744,622.2667144236273,14.250824319873862
20.26340422835718,948.4752430113484,11.944346401587643,871.7779607575937,77.14713104346298
-9.441304618845564,523.4447815437471,0.7637546739796672,643.5383626983472,120.52639324938997
41.814340244974495,514.5792960459636,55.41196043640268,627.8329227029038,114.06699446299065
-96.77024817088567,-1155.6933377988214,-65.30728282919446,-1083.5138649861706,78.73877369888778
174.11052938616558,960.2727467478651,160.3311956241155,908.2958615472637,53.772359387351294
624.5306555829023,73.38093761459332,466.98086999691725,149.18217525842667,174.8363879932515
11.344313604612116,-1105.4437134820184,2.0209723722354984,-1012.2677023062698,93.64130365580439
-20.603846419124235,-1188.4796708334807,-22.397684221298654,-1058.4656076776614,130.02643758999886
20.580404952775186,686.2244773550221,20.791066154223277,607.9010776875456,78.32368296762522
280.43306949743555,75.0901865687658,298.7184988097664,82.76698020460138,19.831542694996116
41.80541847399785,523.96725404255,61.39681052894143,520.5155489783147,19.893137271455572
26.142708659558906,925.0556809634295,19.529790705462894,1004.3839090621237,79.60338219665084
135.12381334688266,902.7156821284512,57.20976314223189,490.55446491103487,419.46092570993443
931.9086129917839,45.45749332427036,926.2238136967278,59.49527601775296,15.14517368584824
275.09623060428817,74.42706018974319,100.7012065320118,176.69221578310047,202.16771866374572
19.917806647023465,682.5158051502647,16.142705177497117,694.7916261902136,12.843176137936947
951.8735470404488,102.08551018177813,283.1849606323597,114.3540012001898,668.8011225052761
-140.79191856276708,195.97749836391216,-141.04480718262607,203.30012261805734,7.326989738047234
38.238933303458595,518.7000528404462,49.63232066502909,644.7714211943792,126.5851460251314
39.95210858173513,495.2926717175657,48.931368490345825,656.2843072807077,161.24184887863913
-3.9665126066252823,-1098.772214854847,-0.49282014059563395,-904.4599288462504,194.3433328757003
983.7424717198047,86.98447697027862,590.1905846650495,80.65402639026638,393.6027977655961
987.1295526351768,73.21091210858482,1107.3226361105717,122.88600021081716,130.05380307122047
503.74304153529624,259.5011985725752,575.5015063219762,230.75729227808148,77.30128988320844
26.205993369714804,505.76108433177984,41.758574620685195,657.6621975918367,152.69522256184922
13.751271088018326,931.3500665695867,19.203698992276497,854.1715400130097,77.37088555455081
297.3924629973667,117.72857136948485,413.502292618638,77.50453724476995,122.87988222628995
56.50685243424844,825.9267299281917,33.307907058652276,803.0174028215567,32.604115308020425
999.7211055404333,98.094379051611,601.1654072326191,61.25720646821943,400.25444649318763
291.10436874511635,191.48288801129831,523.7360016340075,174.5309672099277,233.24846031519215
282.3080624794596,102.35536545217815,182.6529881177964,57.58420076761136,109.25013058683828
213.10925248208937,970.4510332889535,232.84709974867255,909.9645698298588,63.62542633654695
108.55714962000027,915.80702116609,108.32297168713362,802.537518570953,113.26974466932454
39.20056190651455,516.6300157625433,30.184752985696065,754.9399771328395,238.48044468846666
627.5076645893033,101.63015300687374,495.6603483599515,110.9723234786828,132.17787615938997
201.9990804483497,947.327799999874,201.59817316404218,1385.561580242268,438.2339636223893
30.582719323639253,694.476795436102,35.27186743595755,712.3808852368243,18.50795887210654
-150.96549516904915,197.91815975677443,-107.17192744767542,180.53676402719367,47.116764439791865
-206.8829977026525,534.2971061127258,-178.84588859311484,528.6444240237861,28.601263993375177
7.245459575819696,669.3202200173456,39.893874068688035,372.07043432784724,299.0373790370542
20.383409267078086,504.6410616281517,41.46313227229771,444.90429620380917,63.34694835064837
205.017630874949,940.1757546809995,402.0397589442564,5.051242440277888,955.654525622312
-6.09643798096267,-1120.1539343143697,-10.56002683785982,-1217.993674757188,97.94150517222754
203.45380676915434,969.4285788466316,215.24327352754239,844.5742052024544,125.40975298806283
290.7399561753976,132.26525670700883,211.87927437715695,151.9960428492292,81.29151896399402
203.68001399606248,952.308984654322,277.484994976205,1061.283118881905,131.61510987774344
-107.44622695878577,-1136.3418527118722,-87.50871112744021,-1290.8087677403648,155.74829814782797
-8.615543645228726,942.3161736248015,4.048507242061842,1115.917165933007,174.06229550155172
23.987655516149243,-1141.3299199825594,43.034149196313834,-678.4782980628298,463.24334084283703
-128.11380191146776,-1238.6389201553363,-88.38318734851902,-1235.375143510716,39.864444954565265
-103.77264379004461,611.4196042959196,-43.34909550128708,634.062695682476,64.52685313374393
-134.41674979618068,-1236.6424143653483,-116.03277428161991,-1371.2510758122307,135.85824337242622
-11.010909771884265,-1079.1456549221687,-10.345608080546851,-1012.1866489146711,66.96231112986314
44.974969708961424,493.89619712971506,45.66109530215201,552.645819813323,58.753629111706196
-1.9170905918947794,-1097.0670040317698,-0.44608369406362597,-1109.9986821867637,13.01507438310726
-73.98902231345332,865.22139263013,-48.022373925799656,675.020486696865,191.96523499405507
268.5999706922944,623.8888657138951,341.47238138218006,719.0174921517392,119.83256572278779
617.0904015563474,-1139.7899312468355,355.86056302000236,-1321.306795658513,318.10281452318554
160.05752639352033,349.75834200929654,127.31070816150748,512.4866053550155,165.99048706427172
639.8059295347048,93.84912028786516,680.3939532941018,111.52767467053765,44.270971954029754
-172.25774876372344,371.68760558293263,-133.03534836885794,284.987111191122,95.15972057819178
209.8419346841347,975.1256760574444,189.5266117151277,845.9765086056163,130.73721658669112
165.72813519589184,289.78417808148333,158.75950194223682,469.42763010578017,179.77856297298013
-71.43869918284445,621.2348000000446,-108.1473952454017,637.024983423885,39.96070894230645
22.003801189498848,638.8998143336502,20.124526078165154,722.6808459669405,83.80210579980957
-366.69613274456646,176.56457585344612,-365.65357153533586,162.6325270614785,13.971002734834702
658.1724268682349,78.735379226475,34.76776014794272,118.19923808861044,624.6525231237997
-78.87369442924984,609.0468550027022,-72.10538576062602,745.509150706073,136.6300411727523
16.118673249375572,496.92717360748543,20.5939996699749,588.8345001332784,92.01622256803226
-2.920359767272497,919.0479148503615,12.3983029627819,1072.3441915911023,154.05976077617075
43.1370966142596,508.7207668938338,41.355887355716035,543.2713116777772,34.59642830249972
623.3613482567516,126.8657436989275,746.2467478766732,154.49886044362418,125.95400184501429
-32.02416520876354,-1109.7466990342925,-20.730946243914023,-1012.0408604554995,98.35633018252159
-2.7275287645297337,533.353783219341,-11.543923741910898,667.2140244287524,134.1502627542674
-4.02598709935359,-1115.54124338857,-11.17643948640463,-1277.8686868842717,162.48485431322436
168.47232971407325,355.4611366919344,119.91746706838767,516.4093937646194,168.11280778476242
-79.43366237369281,604.9708643313805,-27.195435269120875,676.334150058743,88.43953256793036
-6.4760828830430865,319.59749921231344,0.12303313370446538,362.5513794060081,43.45784343357098
211.03155965533585,967.224999999907,231.568241185081,935.6243192563185,37.687641365736646
40.28622709221844,489.935677239595,74.12691986610216,566.4673116110453,83.67964834403722
33.92988432636556,516.6592857217631,40.69450182073854,510.52382603995284,9.13257440989651
294.4574229540915,86.75544431395677,312.17260216583367,39.4499755863669,50.513710475880956
12.89507427989503,691.6891411580605,12.435418416788846,642.833650252859,48.8576531886327
204.54332959315198,946.4752146333942,182.87928483076524,974.2119842798103,35.19459086116848
458.7015261214342,117.9658816434124,416.8415981767235,111.5860357054616,42.34331118049649
-163.81174088422537,666.3072209773015,-94.25308088157432,596.0510583217305,98.86523945477737
-99.43166038960153,843.225482611523,-107.6015211331615,967.3391411720899,124.38226105782981
-88.47867652056885,608.7137433780894,-40.40546299968417,654.1343571892171,66.13672215346159
378.2377221287616,990.471808678688,584.4357601952505,1186.3220843884194,284.3852341420823
19.447949732483977,683.3591704593093,25.52969953483312,513.4099137995471,170.05804162068935
-4.044904205835994,-1105.9396111580531,-1.2933300376400383,-1122.1766357076244,16.46851926028761
201.41490225477392,948.0673173917309,239.86097433379175,1009.0357629946459,72.07809526853941
1010.1835899149996,75.93541451554924,668.6259458165247,64.34022707906902,341.7544039420525
-86.32605924830749,607.5579318444557,-59.468593483717136,741.781352332911,136.88407531527116
123.27758806714668,906.2898550426556,77.49283381919224,1001.8396074208849,105.95281450290274
-8.705108269351754,32.07343993063091,-3.3473426092341887,46.26908329788939,15.173066383533838
209.33412250496053,948.3608635112779,48.61602124207371,657.4911167543208,332.31839800408864
-174.1670377405152,155.15183968852776,-176.43329890126734,251.79406652921605,96.66879511184459
63.595291123572935,-1128.015449371606,40.17091063804582,-1063.6537153694087,68.49185648601122
-64.3169480201427,-1091.5123561662476,-73.5894816516245,-1116.7535871679252,26.89051175465071
27.870739732713883,501.6983333056772,37.78544527887253,422.9821460346315,79.33813411315747
200.09802015684707,948.7907435615396,123.16881176610569,1137.9827910178058,204.23450718309138
14.278598729507124,673.8918982893981,2.7142074687134077,582.3166852593849,92.30251777023753
-115.71423089457585,-1149.793981274455,-65.880562694941,-1060.044245738584,102.65675581757918
53.106133915707176,521.4013069918589,57.12237603152554,644.8849212344098,123.54891010096371
301.1918884031184,190.85586979301632,504.73389570880863,176.34157275814496,204.05884826795952
25.480422751048472,940.5188487020872,0.6679696359436398,833.3871881940605,109.9674975290261
942.6415769641418,-1099.0124204715514,586.5101143654773,-6.614420754691144,1148.983467434611
-9.209980985533404,598.3915702787666,-3.678872441551527,557.4507156099285,41.31279151473833
19.585329199191676,958.3414673775551,12.864106804338942,906.1978194885237,52.575040139369925
-34.157881094174705,583.837364146169,-18.406379995805803,628.786554617191,47.62918759387076
27.649919415033754,648.1689711999538,31.20423480498593,589.0743985372665,59.201365491658116
671.312264397616,-1232.3504866531903,494.4047011252298,-1637.477677248506,442.06823738267684
39.68310563779624,519.8501321436612,38.897107601014646,525.7758229838366,5.977591893661155
-5.446138805010486,947.3146837141238,-1.5727566332449454,1036.471477616632,89.24089302793239
906.719835378834,-1074.636261042395,1044.081134030333,-2649.396597195831,1580.739777031409
-15.99886702133725,643.6609417469596,-13.105811255736532,673.8422272399466,30.319626740315698
68.78277813417849,919.4202641823266,28.63958106256535,907.8164378554043,41.78666122766624
878.5410398867577,-1101.9848915287116,403.12118506313954,-1182.9165350391502,482.25923452206797
37.470984221236435,270.8729117133205,33.15308516881236,264.28701610260015,7.875168139299007
95.09249954624616,1147.9164071782184,69.05481673382863,736.4621665885992,412.27727687251974
15.124067790955426,929.7255257798853,4.780607293252731,971.432720878801,42.970656244541495
290.1741367633463,121.08641067804116,352.4424803680612,63.43547409538796,84.85857118837163
-124.79102853941274,-1254.0127121343885,-120.11872069465785,-1090.403856409374,163.6755575284373
47.90904558975477,517.6501719018437,49.90933698297128,625.7996959344985,108.1680207554319
25.134180969647428,505.70373023008517,33.52966829355993,598.3675118787819,93.04332666474969
8.909490396972162,-1102.9071666963948,1.0334279769381878,-1109.8743456082477,10.515414458500395
-386.1168030987452,508.4240881833329,-292.5761442246841,474.0845366286919,99.64466701016822
-9.677263546505944,953.6617174049836,1.784489495851958,733.7980711863927,220.1622009140936
670.3738781679823,-1239.0147132553998,379.42592327659645,-1611.644626806742,472.7618480046383
23.125723049925263,-1143.2380065756577,45.634599028800565,-964.6155919042542,180.03504248027718
-35.494988627804915,-1108.1158759213747,-26.686804250775293,-1450.5930539789367,342.5904283576685
93.08719856202971,915.0073510284617,154.2113555201421,1018.9805305984273,120.60922283858841
15.85804304860348,927.8499592276662,0.5769014501370588,1040.3685846157298,113.55154929710017
61.87233984613835,495.512461520804,64.46245778141524,500.6230221506209,5.729445075195126
6.225159676079875,499.2607412309211,9.405248029250709,519.6441156991871,20.629951930325234
196.82278246730465,961.7695152028116,311.4029541253158,918.1236763818487,122.61147981965135
305.4810905106509,224.66846600647156,235.5244253975498,274.0790036369112,85.6465774136694
28.447725447007574,518.6471292388695,35.30488912148232,520.3734712805069,7.07113502227618
-43.92870602891683,-1084.4918059756342,-19.321979657638256,-1217.3380312843035,135.10592348773133
-183.88600737930093,859.1939232139212,-248.66515153435563,763.1966009160235,115.80942710258002
-326.35699674414144,196.4382361241768,-338.6753310714097,193.33312914132762,12.703662856565973
978.2904289288535,81.93094997382984,762.3187949622871,98.6052258538165,216.61435352790093
194.72337211579563,943.3093505708787,200.40489753441983,1175.4900223233167,232.25017560057051
-219.08158389529476,39.75938497407881,-339.9612901157019,46.52163118621318,121.06870508007205
53.492521772766764,912.1048116468861,59.14384361130872,726.5224653547865,185.66837289588
298.92060267089425,159.66832443449576,244.16728727716767,154.45233912734216,55.00120043534812
2.2857131286901766,677.5704602517873,31.559697559190354,561.8517218747126,119.3641176234258
-76.1368067947617,619.4227616799964,-41.95028348534684,650.4749507828285,46.18394552291101
-176.067036021134,877.620282952863,-81.41894273525867,962.3837193154568,127.05550640034159
22.153443031064242,940.9370665184598,12.618301896697174,813.7590290369088,127.53498396170004
-168.69496148139035,370.24782538554734,-141.01147546943255,252.71279755921728,120.75122427499626
49.366755165352224,495.852728072388,40.28028406728685,548.1609171020012,53.09153036571584
-208.74507062765434,37.570915966970816,-181.00808131966716,35.450936355435616,27.817887939682272
60.56962098950975,490.37017571918255,40.8645236042067,627.3806620577791,138.42024501388164
632.2735444925254,315.03899999946225,594.6237260267797,349.7621975636604,51.21727520657404
45.16239603522209,509.5893999999512,35.04296995607829,503.5666824192518,11.776073676235274
-17.099547324483467,-1575.482530284309,-15.735163986535277,-1796.131853203181,220.65354120532382
31.49665322968103,513.3587842886218,41.968306594563224,519.7410959941424,12.263336695234033
620.2268500785351,89.90715051028036,814.0662095650813,85.61337869681941,193.88690972456226
-34.612912192576125,-1105.774771522833,-29.152364353126988,-1203.6743748023346,98.05177155457582
161.76349125328866,349.3064000001284,127.96688068307719,507.936621517372,162.19049930450396
977.8313192710117,83.72561935931499,756.3557093166725,68.93182458130448,221.96914688438233
196.5618144162354,945.5266386038733,157.94448926383916,1040.6781506768875,102.6893765279879
-104.34188024391003,-1154.7215854995545,-70.63262134915877,-1056.449344658534,103.8929615284351
621.017919472264,98.88019909140932,576.0376331425222,93.53131587882984,45.29720421756043
-56.749407491409805,857.2824789064375,-53.7575105174534,1008.041060252418,150.78826644323286
-72.97712380039273,619.9363642740996,-65.53191409111065,626.4845503518992,9.915134317026535
-8.056279152066178,-1097.785134545977,-3.95368408130766,-1295.491265500399,197.74869279790892
2.7741217425803177,-1106.6524906952811,-0.5120302390607978,-823.8775293389359,282.7940550381655
-362.9683179475754,181.45858565278954,-310.37016039922304,166.7073054235216,54.6275246179404
-167.82189322085438,247.14224588722425,-180.8851535683231,298.07786163338875,52.584082404722714
-126.69546587117387,670.0387803076526,-152.67515076962673,758.4584845138269,92.15740946516593
231.94285383135536,1065.7312887651606,248.22308572606553,927.6772597569748,139.01065022486063
976.3390412593053,74.49171031140592,594.5423702079629,58.25912269992136,382.14159015533954
-26.83173691650855,-1118.4009075414951,-27.655188178672212,-1229.159929136417,110.76208257632908
603.3433153502158,137.21971926825358,702.4232447974887,172.40949176265642,105.14348533068706
833.4536993654024,-1082.3789120246718,800.9519559243997,-2.861857896756085,1080.0062191856666
-83.26266983371409,-1197.95267768515,-67.37793188076759,-1321.0677397608395,124.13558478427781
-116.8888649615567,-1147.6867034958357,-86.63925088756184,-1397.5423598954144,251.68013069467753
42.76988688192507,503.54149937577097,40.628990681409626,584.8304508785977,81.31713886365101
108.06056064166067,911.2454653632296,7.740637176076067,1453.1673977353696,551.1292659894727
-52.24770122145943,827.8647805135031,-13.498987856329421,990.3006104174191,166.99359755399885
988.0733644657471,73.34040423185102,833.2825105410836,79.75132947801475,154.923556702131
16.141074223685578,960.2854427510555,16.38581672894391,1051.33834548065,91.05323165258277
134.31620015260458,278.96074790784604,135.75016792052486,256.03386448082955,22.971683596015286
133.13076831751945,901.9690098292599,78.94514331871213,1016.0646464746916,126.30873389452427
512.3115613162265,301.08036126570033,543.8538229128892,352.09357731099016,59.977182977493335
973.1737958149536,95.86670295179543,1196.1263238637741,110.1702303159171,223.41087855880318
18.50641154126518,716.1248208780182,11.97631353628313,839.2931588441501,123.34132177536425
17.915205830755763,-1118.3394460114396,3.657305087197286,-685.8656598975115,432.70875125114907
-44.48557397874658,845.7715243219021,-32.908557236591186,834.2665171707802,16.321535044091707
-10.837161597042252,-1108.7716431016943,0.5070203503845878,-1198.219226952447,90.16407666467695
-6.5690757868326575,533.9081999998162,-2.149002582444029,605.7533188380321,71.98095684283109
-0.5557670096275473,493.6500359169605,20.09060104583504,566.7624763090552,75.97171482840977
-377.7203478544089,507.9468310955404,-279.6296251675649,478.2316133807868,102.49284873132632
50.504895638963035,504.4501202566607,39.04974545915786,494.8285821518999,14.959761399943977
50.58738840999233,652.8875665171382,43.09236387010056,587.9319211865468,65.3866290090502
51.32545873510154,493.8738819901055,47.784589543217926,536.3596996737087,42.633114581020315
47.38857110855865,907.6806437077017,58.0284232833066,728.5813205771045,179.41508855204617
237.1840862099283,992.3380546724882,269.358844205333,916.0971434971058,82.75198842877074
106.47715918441018,901.5412702584944,106.30871675777024,937.0521807392607,35.51130997336053
46.658949833856425,496.1437754029737,24.60622356818469,560.3411188978749,67.87946410771809
40.94437537794645,498.80741413177697,49.40551315569518,661.0145711450795,162.4276843362369
-91.76148862905069,595.3231439101601,-38.168317894230015,291.2711819723873,308.7390864591337
-322.3707482335056,208.27350889297495,-304.07037099230763,194.64667388470372,22.816538727703698
-62.744251636510285,1204.4537251788763,-31.414860611846706,1625.012801558943,421.724397524771
210.97859252176863,941.7515344742186,134.4246854679126,1145.2242008301002,217.39739335875754
217.60063544231434,1053.4461999997836,201.6252872271669,1115.9445234863565,64.5077684409213
26.559900654508105,511.32272693502114,28.110623724282764,511.64603952324546,1.5840685177212674
-51.73147182205472,847.8417999997125,-60.66703183444093,1071.4393866183107,223.77605987771895
25.19519889352329,980.8001846696108,10.207136338609143,979.8157770913883,15.020355436209936
25.234912241999446,514.9938507146843,42.229217694041374,580.3566485767662,67.53592941654603
-403.7549283715247,375.62789122835045,-357.89409541565317,396.46504825416224,50.372642498926865
-143.47683795070185,835.2397427465961,-51.88952222598954,782.1432771445492,105.86534400401052
858.8643649309475,-1074.359121180875,603.6881550052985,-2.6859192216871643,1101.6343993855119
39.22468148223571,502.20310245649506,31.952726868273977,567.7981199881808,65.99687605402
2.6114102948188767,-1095.9409658993052,1.0654354404519006,-721.3212881343312,374.6228677042864
217.49974466361124,940.3626470525603,208.81520026973723,913.5923775130616,28.143714085859052
2.426454348069787,667.7137996983892,26.84258743628987,543.5379128237344,126.55353980070545
-205.41223836344858,867.2275542017434,-189.59314242512204,926.9417762180561,61.774040723587696
9.034463908790954,680.3870464351395,12.168487673617994,695.2753426872794,15.214580843716421
645.8031268312941,130.20925907699367,974.0308505591862,108.91556257233127,328.91771027785376
884.4721294033023,-1098.3062783827343,199.50806058232837,-939.5072933566838,703.1307796001308
334.295341701184,117.8968662393537,257.84061358445143,107.90595807466016,77.10475794241776
88.67352693010281,412.44144514177566,57.701891363226245,540.1455754678776,131.40619130023308
-167.05974357333892,660.1028317405918,-130.78231527947383,592.2581341779523,76.93474371818326
8.515211306277598,946.8670733707789,24.067757622563548,821.6445897103738,126.18459537915336
197.81847391761707,982.4258962310699,189.88259310969232,988.4318021249502,9.952341925583843
-66.91326087766933,-1159.160313526437,-117.15344112590442,-336.75227995995823,823.9411686437676
-163.78232967553365,1173.9676273218145,-260.953678834911,976.7520656294039,219.85506332833597
604.9342764327104,145.05810654293765,631.8724617547363,149.2466426808812,27.261871972090812
9.575467848949314,671.6917803010281,15.59819674275385,651.6553377622351,20.922052789786633
18.232792929399093,682.2558462304805,13.870486022743616,746.7761507868305,64.66760720478227
-119.1183820022996,-1216.5226109939701,-92.39536353654724,-1090.3401626448995,128.9811226005063
-13.825849522498041,-1085.8428525033037,3.3561864650009863,-786.4851543639761,299.8503856858491
968.0180998849855,69.51799680434618,713.9583400949147,58.664078797362336,254.2915041457163
211.18602807395393,937.2834484888825,121.23554594421549,1088.565095833498,176.00348308676445
149.27682903958814,343.7181618276664,183.46462126910836,429.7170338007918,92.54518419766022
-114.81108866993033,-1137.976706228,-90.37247252052946,-1329.8209561977808,193.3945764641953
-92.86950392714944,603.9871016444201,-49.8529373481056,649.8284825133225,62.86379880517145
690.4406197974986,-1229.078840273789,736.010587388016,-1195.0762916252697,56.857675478300415
948.2021239196868,37.02006633212861,1032.2925421088705,40.48293443299154,84.16168894880724
201.09435389452827,949.6007906897996,228.9080250524785,1030.3373427544343,85.39315629819558
-9.460583779803637,912.6438190365909,0.9347645836728291,893.4380214510646,21.838633851370833
-162.1800326735292,363.5562484058169,-137.12502714296173,318.83573099356323,51.260881574124845
-177.99971956880623,50.32173519534866,-194.57162814059993,84.0998108533051,37.62428137342319
509.4538683071963,307.04088438889187,565.8894200189299,346.6800155202567,68.96544217111416
-34.475335580792986,-1092.3527308216776,-19.237063903198788,-952.3011855604825,140.87810423826954
209.13902948317076,955.5141009429361,221.86325026429887,725.4765179453208,230.38922584589685
92.48756871856098,917.9987473771724,82.79771569677845,1088.619080647444,170.89526434878843
186.57483561926549,1003.092465972805,187.52409161592536,1423.7024059981877,420.6110111909854
-37.29276775282703,-1107.4233715270582,-30.033151688975742,-754.3763403253827,353.1216621303646
41.87318055767942,501.4508175037036,58.018211602887014,676.8653076945924,176.15591218117018
33.92235487911041,503.4348859433231,44.22454205727888,591.0335337395301,88.20237046915427
-43.520941745471326,-1105.8451906701384,-29.09400841590396,-1228.8898026780682,123.8875011834437
289.09871968007906,86.76815312050593,512.4607497208704,69.8979741643231,223.99821294366834
-84.57461183410558,857.7157738153307,-94.05600062880336,752.5403271277698,105.60194751709926
163.63532218396136,336.59896939301296,119.41970088276825,487.2262707901133,156.982817828014
1000.2177096639975,94.86651876074758,818.6406832271919,62.42294961338673,184.45270859668074
616.751851481275,104.55634049349666,686.87919159908,104.15756330544197,70.12847392638746
211.03155965533585,965.0141999999895,266.75564910069915,1032.345246389495,87.39933610972453
204.8238808561519,953.1836005929819,242.9779880019654,1053.842138273487,107.6470022809363
162.3093544322399,341.4427864542648,151.49520193071893,370.4320992047218,30.94068758237217
-76.54769746100256,613.9179347171435,-65.21522594133228,895.6177364004698,281.927655931747
382.986555633207,1010.705367322587,366.6884848453688,1436.778706683822,426.38494066493433
-23.38734718785757,-1101.5632149031803,-19.447144189355313,-1031.5675369512337,70.10649136579316
201.9990804483497,946.2223999995231,203.90022503844563,1105.9978470255498,159.78675734590504
-118.36979870281664,1108.0035809684798,-105.68454596881791,712.4424256473374,395.76450477009985
-82.52099480017067,-1344.0819185912592,-100.62596807907845,-1033.8323373176804,310.7774006227945
-119.87604530908307,-1151.1610765376925,-55.29100195602782,-1278.6703919343324,142.93303795076852
691.6093381072656,-1232.6871539922295,693.6085176977011,-1181.513615162649,51.21257458259039
6.509194045649616,814.733121344721,4.693688183425102,715.0529109454927,99.69674220740708
24.655670492242198,686.2325010881758,43.58641667265677,538.8226941209974,148.6204035152915
322.3564053076365,147.06553184712865,239.68556058111443,137.39453958516975,83.2345881177266
32.077064317908764,498.27691840328356,55.750256217429765,535.6745940453912,44.260661519501056
5.7742665753282365,688.487648176748,6.066677140255705,758.9019935926874,70.41495256189341
13.521839476173412,926.0208381372722,21.200712484612897,1010.0541408358176,84.38341693191323
-177.7232323478156,295.5305473887075,-121.1097491692787,366.123018069029,90.48968667399913
-3.3318253758888616,-1105.0962578857832,0.07194523080378368,-1075.6416297285,29.65064542681668
974.5933953436227,69.3705740874192,580.8555346925403,66.86510296024714,393.7458320994144
199.92845300844695,952.4155840447819,167.03580453168163,1008.7108321792246,65.20031661222606
201.52219824215925,952.1640698153986,170.80585076091984,1415.3230669748662,464.1764219048097
4.873734607936305,691.4544660927597,15.77044597233646,728.6322194114599,38.74175603125354
524.55203062912,310.93251237815707,424.24084545101033,333.650821359768,102.85161853282116
-62.47066270276135,373.20362664174513,-89.30565333706241,501.0864104507967,130.66798811145614
48.22858451316911,507.540115226411,34.763111899539844,503.9202142765085,13.943551756833868
218.79594866883693,959.502040351541,184.711451331624,1241.8058231516573,284.3539673399787
-25.579465498457736,-1561.610142467505,-13.095313569055808,-1597.9715826691097,38.44487459897951
620.2386009171321,91.73298283874973,650.8425410978147,101.18077259925818,32.02907875574265
30.333042154757553,-1130.8185337719478,41.848620419339,-698.2865505071504,432.68524944784826
965.4599952041586,96.10626890245958,1162.663981824572,99.10407148221105,197.22677089911326
34.566833836659576,516.9180585027739,34.872709915044204,455.11250419699286,61.80631119246783
185.73734603128915,958.1007040509143,164.55902799299818,802.3884649054173,157.1458640074101
52.23488188794058,518.0583002301805,49.00126551310448,549.5710493279931,31.67822012931437
52.26042413749029,521.8796360933023,44.46816268980391,586.1939647605498,64.78466030155458
918.3408750897519,-1072.6122173760948,503.468420551496,-1422.4662990700303,542.6942343645306
-44.04424238826328,875.6742740398386,-109.23407950265758,993.2384234578576,134.42858360997323
3.498779324983248,945.3260738530486,9.157280437607428,1171.8350241169057,226.57961776045985
-21.56648710073241,-1189.3525537215764,-19.738074700792676,-1157.6386763006376,31.766540777594717
-335.01096115028247,628.6755510352987,-50.03927893050235,287.71208726874124,444.3702772360679
131.82591842035197,257.97990763296013,164.84141229407396,300.2708399082377,53.6520809329693
49.86684100803942,521.6544103614576,100.16926780406227,571.6494217009869,70.92133177266834
16.09639287514453,934.4007815010225,16.996615364159286,934.7902253377118,0.9808501575996371
-93.26086333763722,939.6007484496058,-134.19582951640115,991.644692054311,66.21362036610202
57.16479137537541,499.19853661045465,36.261083738908525,535.6593166884594,42.02800824268873
16.159856314907692,923.0954220779456,9.222965840583745,1139.9302966356747,216.9458072282543
226.3241106956384,959.1733739664996,251.93464629474596,978.5327408883577,32.104277305186095
-52.03701765252464,597.4897358636493,-17.412793842092324,611.6527212491787,37.40891644388577
-195.37898381897853,517.8128627413926,-151.1721308487886,551.11670192938,55.3479137293116
-36.6339869955664,-1097.5685897300734,-37.06724689291046,-795.9263867777985,301.6425141057541
310.45034530908663,213.1299526405156,717.2801353816174,166.99258833271637,409.4375831255968
412.9090867029258,1037.4686073553885,377.8759853848049,630.5395414186631,408.43430670317287
931.6895862734912,-1105.0648953011994,836.9515963515456,-1079.7422031021513,98.06388466024782
-70.72494464851077,375.8039421853327,-66.2464704754664,454.7653446969368,79.08830392364084
988.3664599596591,92.9668398664673,750.1909128809209,88.39077059920996,238.21950305588956
-22.240300988613964,-1119.4050055969933,-29.781531210267854,-1219.1406879725632,100.0203803840825
56.289830487749946,506.40473245726326,65.48891342124136,547.3493484248892,41.96527973877476
-12.862776603660604,945.9316122391457,-2.487184773608193,651.0647353239945,295.04936537386214
18.82307129202635,677.9246781491343,36.700301366357635,664.5655094901468,22.31731933700476
-41.944537733353684,680.1002318214099,-62.320534875096264,777.707175712811,99.71106636346552
610.1017409345428,107.53872840424006,546.5956191981257,155.08909133184233,79.3351404646599
201.1779459750138,947.327799999874,187.15972487264543,878.980252230431,69.77032183508379
21.043054576833825,693.3966936566072,18.398821245107772,593.2782794575807,100.15332661295109
194.82557711176244,962.363906115071,87.16918280835907,1087.7559908959258,165.26667589111528
152.98523270378803,1070.8376628548513,306.5002117075504,1715.9581133536938,663.134409023054
71.6757057070825,284.5707603905278,55.91012523624817,208.784238512223,77.40898155894527
63.58143281163312,463.8631108056482,62.236220644090544,505.2338973690128,41.39265123964851
-89.79998965141496,597.4918633418584,-94.6365447276551,681.0167923411738,83.66484344900293
-85.01691247828751,860.4336715577754,-94.33504261784161,1280.327829966245,419.99753786761016
55.68786193204147,513.0036972230075,63.9653916268213,520.7329146196635,11.325118075001722
39.77075364156874,659.8734816425033,14.0878753240873,727.4021757389065,72.24773190236606
224.3061340088406,933.5333517158315,302.1428137714894,1040.95405815489,132.65653729967292
208.34773099852117,964.1938875030419,169.61060645090592,1235.4621626279231,274.0201487253186
-53.85395077598384,900.3859477745183,-82.19924895705138,1022.9322803894905,125.78179346134735
953.3455845015659,85.61094798671985,978.2752347671535,101.6648293468718,29.65155255783998
95.25159891060514,95.06439999954279,86.5542757417249,73.04396087589579,23.67579290123531
200.35681150153223,946.2223999995231,180.8168101227594,1203.458616640254,257.9772912593654
-21.526444020827604,957.6642499452782,-3.6074790744296745,795.6508257222176,163.00134641539512
31.897811478083938,661.2489350703831,24.6731268013182,627.7019265693827,34.31614558840906
197.64991305016093,940.2202655467695,126.7933939448561,825.7512258856573,134.62469067989613
222.3854243569263,984.1419576103922,224.44357409510135,884.422860291638,99.74033462151566
1.419737559934568,955.3903654825814,-1.2081454304537158,979.4913071461352,24.24378596839193
208.05331008391707,1073.967510845614,202.61505712313448,1067.7092982506153,8.290948085090182
301.63092290943365,629.7688764984242,328.23207204747746,660.4451301220969,40.60361648730737
-20.327435294747932,-1102.8235884006376,-27.6196171436539,-1349.3568097848406,246.64104516927014
-26.959847936077203,-1107.0273582022883,-2.897647630425139,-1520.072986965579,413.7459134831564
27.786692300998844,808.4622580516533,4.899331823357977,756.3776859925873,56.89142216722582
226.5472414627477,1048.9587292793865,230.38413620159963,994.794928823113,54.29953076320315
-91.82345052508194,-1369.6711272041673,-120.27126051155301,-1215.2840297893083,156.98615780129
20.079946856303078,680.2221462932304,37.94277495128611,689.3475370699022,20.058748325303895
-317.0857697528893,215.38507577256706,-239.14209261499028,171.16595827493776,89.61332020434344
28.66440860501957,87.55620094863788,22.544429994474974,64.92551739496123,23.443591369501686
46.75547607702467,527.5354620650936,36.12083938229968,580.6875470838452,54.20553144716308
33.282122793380765,676.1663158190414,10.48673554717192,688.5112394034107,25.923480052040446
13.684976056479652,494.1429968704162,15.440655552771805,553.0416423095148,58.92480670358074
12.647451322123361,680.4208798975048,14.22177704299216,446.6366388616802,233.7895418066684
-2.2971407120199805,-1119.4921569393466,-10.09193677804653,-1238.3666881864474,119.1298158519893
980.9381134875508,71.10603270512556,1564.441525912427,96.37670358642798,584.0503737848871
198.7184244517396,934.7895205411382,185.94671476392395,796.3357230485385,139.04161466435744
-2.2112157955227385,900.7776782811732,-2.285109514617157,1035.4768511428736,134.69919313012963
310.23437877989045,223.96991401351485,337.1406655672477,298.9363574271949,79.6487031079603
34.99349951818673,500.9514962350119,47.84707574516953,628.8257167530707,128.51860057954246
298.9083705898407,121.56195712448591,240.53216955107325,108.79045379888534,59.75694223196512
258.29187307871337,-1347.1386468033688,304.78861669303825,-1253.8910992851502,104.19717983179154
624.449854105,86.27350442974146,749.6770217796048,100.17283588571364,125.99617033357235
647.7456226738897,311.6045071240002,698.6263590291792,357.43386917397027,68.4775858070633
-214.39123961431315,44.15178216929334,-162.2128663869152,37.313830133258556,52.62452109715347
-33.49329223562425,-1182.698925640856,-21.688013435220572,-1003.8241232414073,179.26393820564442
406.3684729820854,1035.0208747118998,397.17982031934,1679.623839246494,644.6684521709931
533.8453984644519,287.9033230792322,481.4638939917503,333.776920079715,69.6290809402678
38.22171329937994,271.1287245260495,57.87468174643659,272.9464734899808,19.73685334790928
22.326554962507927,938.6876933134387,20.2554746116955,897.0903898780391,41.64882983849878
845.7685075680147,-1085.5028000005336,1074.5822823651424,-6.614420754691144,1102.8852516960374
-49.02973642313052,849.6506524347584,-76.66992777488963,1034.517581114118,186.92180583682924
390.69767447766486,966.7149661403682,509.01510571519447,1313.3088667709224,366.2326398465188
83.18079381677319,397.8871884115237,87.5332652208092,573.4037977277192,175.57056744561984
246.8169492764563,135.45089688003483,392.1964098085841,181.9482440355889,152.63417322839803
-87.20324972311896,916.1677100902994,-76.69978654095247,961.5645906122435,46.59613181308934
155.902050559472,309.6733178052626,119.98897405659532,378.30604819497637,77.46096271444482
41.44005396276463,507.7834041661533,46.14867840608528,530.1783408831253,22.8845872740895
-22.937243405910984,-1184.5127205894096,-14.528643755541944,-1199.4817966528794,17.16909392699954
208.44107751643645,941.2044781334328,151.03445446279014,936.8838929375925,57.56898320152919
-130.23088501186288,-1238.7677525219472,-96.26394371654592,-1173.7839743349914,73.32560622600386
-186.68233696015434,662.6975629038461,-159.8135879828696,777.6844433762772,118.08434423066203
8.797420403961342,662.2949518255897,17.00386181973232,494.51314536524706,167.98238080169705
-73.90249419862556,606.3051309363221,-70.91376103054358,657.7353956929691,51.51703270656019
-44.386673912270346,842.3187880898422,-2.9006009101862853,537.174229842489,307.95177492767687
-132.71204833654113,109.662106809692,-79.25453458193955,123.2902676569355,55.16731409903655
0.41873649045748745,-1105.5179345215251,-2.556836259680331,-1412.8532320857068,307.34970174388565
-88.54727779791718,604.3596950114948,-39.206156805757644,547.453370681136,75.31849686202524
222.419049645004,950.2010345521041,189.13178026214595,941.9145023353365,34.30319109276115
48.582536741203384,513.4146940432765,35.94646830283851,572.3557109576257,60.28029280350776
671.1648705073611,76.10240040948915,509.5501300823862,89.88517806601645,162.20138495882605
-87.94445849314634,598.8508449939511,-183.6883794924113,581.2992315417106,97.33939358291872
-176.43582013217704,373.8962105117663,-140.8817370968583,424.18214495042713,61.585453013285814
186.83029449016934,940.7203181086546,226.943905776423,804.6070473218166,141.90110744710822
-58.2694228888122,872.6169194151001,-11.558574429726395,766.4946022530115,115.94761560126456
-119.61612250824284,-1241.5045887119618,-88.43158373391452,-1333.3050086843166,96.95252738154021
-27.485702041093038,575.572920625461,-39.28968592671386,777.9581052251817,202.729122182865
-49.412881212127004,682.4290093078787,-50.42026652565988,610.0758364545243,72.36018551052301
205.28361834183897,948.4331999994391,298.23935004024287,947.144082675362,92.96467005836618
-50.3235113986099,562.1062672992858,-24.879845002593804,607.9610878907538,52.44086890153016
-119.2104490594268,-1159.942426565449,-86.90080321341505,-1289.6730749691214,133.6935090044837
-57.44294101259977,-1233.6384093513448,-38.17609887263752,-1309.7400879178542,78.50271770255188
93.71596569161301,106.99745386496521,97.04474495936302,77.26620639070491,29.917016024147724
50.42480936392182,504.5611219234554,43.176099287115825,495.98642240307663,11.228057251473768
172.07890860340834,961.0965182519006,142.31575324201023,1126.4560479837924,168.0167238408698
-80.36598073340082,-1229.0222399137758,-60.525277305467384,-1462.3772416046031,234.19694773126574
672.4433459064227,59.51333495824686,203.70275701396156,50.41077030202011,468.8289627983451
388.90608575270403,1032.5313044655418,368.5689763833968,707.0320258112257,326.13398844950103
-99.35189141833382,536.449942744343,-53.71985524655533,818.6369483053246,285.8527397676222
284.5900130764751,159.5367170213846,161.1563973050516,156.4714030408681,123.47167145627597
-69.87535995878336,607.2760852653385,-35.219706853149894,680.1059253100175,80.65481940412201
-73.69243437046055,617.259530290447,-83.39709792253362,637.8670728861965,22.77830780577365
201.72693078805162,956.9859644547956,222.58703983300012,1103.7671780446065,148.25609199039616
-123.70576532936985,192.58060976575203,-179.93640893900147,210.5834009630431,59.04223718361852
727.4192887961846,-1130.7717471105502,572.3179410800365,-1050.2090736575947,174.77634970799977
211.77026320944296,955.8195020850598,209.23477553362196,1094.720760837929,138.9243980763846
940.2030477383413,39.21013870366068,999.9326878205557,54.69186973232293,61.70343507451357
215.00795236965996,949.7227117749745,201.04491645793874,957.6153415866543,16.03932595891212
216.7554459131801,960.7539823947296,160.52343518779725,1171.4418112663525,218.0628355884097
-15.705073075591972,-1129.100979702127,0.15835546371531947,-1169.1633125563728,43.088732619399394
14.78042052062874,600.2321999996617,30.768117055470867,727.7097109300806,128.4761543380922
197.33252867759484,1025.5270587305083,189.66933496713688,1142.2408789473573,116.9651245776062
18.256539185078342,933.5289072813306,17.653169952500978,856.8024776114203,76.72880205191865
13.959286047292897,941.80079999969,1.180233205452296,882.3826031194192,60.776856714025406
964.6146872751393,105.5005097469325,1416.5183572710093,115.85003085402671,452.0221670923699
-121.03836373518077,60.47089204472343,-33.18896212077877,1.5924968041348917,105.75529674732825
-76.56014269440536,622.8558992185059,-86.8363391253589,893.8773953861497,271.21624508505334
11.977992853644322,681.0202754738739,6.04946428957088,579.3610602586922,101.83193747101969
709.3846087123344,-1238.8813602561986,758.1552754585811,-1238.5313258032957,48.77192285518041
17.33602515141229,665.3520366985393,20.233631301528703,664.2335198946762,3.105994404649932
-120.48983777772575,-1177.0008540591834,-141.50894019512887,-1088.6678167655173,90.79938405054023
22.862381406303015,684.6086998724978,21.515952049101525,555.1003734092635,129.51532532994545
947.6519754930008,74.9594376883607,1007.4880296555539,81.44427273917499,60.186430890859896
-14.952451220995451,916.1186368830407,0.31300605720557023,968.5299076951554,54.5891517982594
23.440114511290407,665.0029426627565,18.6260289719163,588.6609969414063,76.49358205824842
202.958817436458,939.3379956321213,248.1162041962699,877.8281681503037,76.30628057911225
206.18812384702971,957.1888454832975,194.51562192978056,1140.2742690389678,183.45713292092884
-72.25983365618032,621.2348000000446,-82.67785358867015,644.7486635229616,25.7184159132735
-5.271857070231629,-1116.358282730951,0.7791489634391329,-937.8879186337533,178.5729137775543
-106.24901272302294,620.5082154338494,-51.37932996430844,565.8380498575133,77.45649805010537
27.35400282300689,668.0221613358216,28.85787367300269,626.6701476672246,41.37935067133486
4.049922576112557,955.5063205144388,2.001196818604591,873.5677602704723,81.96416858654526
602.311870100985,-1117.6104646173887,555.5450623593576,-1225.6270781124226,117.70608776642722
176.04718069080266,947.7669474708068,161.8275098688315,980.1767989225931,35.39205432596518
-14.550452165100006,949.6740772537786,-2.92585448698016,653.1678297984497,296.73403251265074
286.465722192111,117.74837954769211,427.9631159622612,98.29548487218577,142.82831496240962
19.93994035126607,1162.6314485179116,22.71899770314254,1320.2084283859408,157.6014839527036
49.330585545039796,517.9810468391564,33.493503984080974,593.6129391538985,77.27222196544635
-107.07562608447039,-1229.2149137302604,-63.54876411422569,-1296.8277538395653,80.41196341728738
-226.64183232702788,-1260.371316003138,-162.94634147761022,-1703.5109496005155,447.69392493015386
15.381258456850986,941.0174022098878,0.7615626788827399,913.1564471060133,31.463762075448862
5.197143668626358,929.7677127131393,21.610458823027336,805.9705599696536,124.8804706179138
18.74315615749764,682.5158051502647,13.753190374859592,666.9341780469902,16.36113876529985
276.69756762219606,85.4328937349183,276.1242072545483,100.42640457946699,15.004469652633126
-358.7389346013223,179.30860253330954,-326.9074233312258,182.64690689554408,32.00608357411437
64.01098828141517,515.8500248615741,49.69382620915579,547.5913160037586,34.82083705450323
15.561765693570024,644.7679409112337,11.055925013308329,548.1566901483682,96.71626737111598
-133.1156726788611,-1139.4558882405188,-59.06619511978985,-1335.093067338882,209.18229124937048
302.4162595379578,220.15178547774156,206.33585628680314,181.91140565685953,103.4106887016512
605.5386747766512,132.30973298148288,530.675496592823,145.5448003183783,76.02409128161783
-154.54282452473117,316.78469564975575,-127.7251830727927,328.67047778270313,29.333559449146634
111.26354377661436,918.9673572817003,102.51389458334253,961.3721984928114,43.29811680829632
-38.22957303350921,-1561.4959292760027,-13.951985241720243,-1620.3596621875638,63.67370195984856
25.034417228332426,503.9810653533981,13.207652778895456,640.3565217989848,136.887316717381
7.923764987959052,676.6258066432327,18.861277385412926,777.9231337761527,101.88610141583715
180.83706167067464,963.6830412220543,117.70099486262293,974.4167580402908,64.04198317295352
-48.04254076189084,1206.232254077541,-34.329032434788665,1687.5916469108117,481.554696145155
962.830655522908,84.9304141625228,993.6609927995006,66.31198681569111,36.016045499994895
5.722565958685688,654.6167495160922,-0.0924208001843773,636.0257379272467,19.479214124353735
298.71690787584134,204.1409439396171,481.3342210827575,203.62379033613868,182.61804546857493
948.512502493704,-1102.577252182205,801.9836311119402,-6.575392024374483,1105.7534931519947
212.66400067453156,941.1790127997251,323.78693900292484,878.822111924951,127.42327302907545
171.2487872776013,399.862205223734,125.96194129952866,410.51978888303523,46.52399927023342
976.7346088515096,94.23617041409116,1083.7652334061709,108.50596272887326,107.97769012748823
645.1901022262076,102.52161257873541,601.4628582043928,121.87193396042696,47.81743204437154
-58.45474352825715,669.9691734820467,-23.799952487210433,811.33149381942,145.54813689382885
19.049466623142987,1173.311439079786,28.024701263656752,1564.6232804417452,391.41475703777377
-6.293671408265204,526.382742131401,-2.0430579947267558,553.4215179874863,27.370844235919616
961.1899025978701,66.24510897512889,329.9051312917533,0.017466264383492837,634.7492127935553
-45.642345701915396,830.1748491834403,-31.19918483346043,1036.8544989080292,207.18369266462753
198.2553759446029,936.235710294183,75.68729408808,805.4426394780809,179.24776724827902
297.5737415658216,179.1357756373465,14.042546772183048,-0.869333217020898,335.84487138376977
92.78315800266935,1122.1204614740136,99.78051584696854,722.6866447433981,399.49510255419665
-12.533711210740337,-1111.3183114611165,-29.610001717613784,-470.7602048180935,640.7856799925929
11.463149006719002,682.5260992312752,31.80221642528982,600.4299777135063,84.57807536068343
12.84307723317255,672.0911928794277,15.93954805394161,506.9454192064212,165.17480041943372
618.8670551847724,145.56904837667665,836.7072501056488,116.31226001807703,219.7960649971361
-176.81710039294484,852.6782258149852,-265.6894058304627,818.6684730646737,95.15750078641616
40.09157148491192,642.7161314898889,36.33504128518481,563.7903666335675,79.01511170210924
192.92364619914358,946.951126873705,69.04563894769211,791.3031629512146,198.92724638371567
16.514742132146743,678.5232803398306,15.790067823902902,631.2674416783049,47.2613948213252
39.0556448630353,512.8718665785747,65.82760607520049,546.4472581177434,42.94234302124377
19.04276971762815,86.92371845779479,15.72123137812341,91.53181336620463,5.680418613598174
-69.62098407674885,1285.285026694237,-108.22512773055121,1177.9119168553584,114.10199219871367
-9.231847876696749,-1092.805716484048,-9.570761775330535,-1423.8354073979488,331.0298644067985
44.92391973266569,515.7742033056263,56.40883065595453,550.3308212936118,36.41514829962175
16.952641393229165,648.7955895962308,15.76261646096756,516.7414412520194,132.05951027568744
-15.712689939872067,-1085.1739802885759,-3.7745830678673293,-584.5556304474474,500.7606719714937
25.753483764061638,675.1376148645774,17.664250833802672,636.2814723976737,39.68923653597154
22.188116413841115,697.2011653560696,18.661964795112294,590.3259978534343,106.93332115834907
17.9113224145698,681.8898381826871,32.9783294582867,710.7370958401757,32.545029967922154
493.97424106893,-1081.957791618323,774.8578299682464,-1140.2693117214953,286.87248716058997
-2.2588655027657407,676.4133509896388,16.053511486202833,687.2369826712054,21.271909969824453
197.5390417197288,1018.3337604300241,170.36752431956614,1093.5907776851839,80.011936634297
38.62489838088592,491.0966511666111,48.96608265784772,564.3967883321341,74.02601029864141
476.5157887617796,127.58748804417522,350.00017522585006,170.85291606022267,133.70900392189176
-103.06105442872473,-1361.6685493234613,-120.66098602189764,-2683.2643119072413,1321.7129481364277
42.698992615068676,509.5893999999512,47.12046959078563,519.0696804788948,10.460648957222267
-70.15003994746775,618.3318987706235,-57.834611161716175,587.971333247407,32.76329844607293
-178.97042020338554,882.9272279339007,-65.45844554305955,885.5876722541693,113.54314754870828
37.34123211801201,687.741582226274,19.32691620001893,663.433243894606,30.25575797166711
-67.10757658734877,609.1280162708133,-97.13305318216618,736.3339655157295,130.7015025470102
299.513479202251,208.02448284683945,364.1710795364521,294.99428412511986,108.37135975598382
-83.75571628331979,610.1807999996778,-96.86880725125113,691.671199809773,82.53870859143856
43.1661845300518,506.8815871468275,48.83965390701812,567.7105465710216,61.09296652972116
160.12122230661691,353.72799999996096,158.23528569044564,358.61999244154964,5.242933050190169
-36.110480270977995,-1103.8861162740156,-35.321497800076116,-1274.1058920567032,170.22160427174867
41.90860168865967,507.79973693191465,42.29418477615566,626.0291330540934,118.23002487410898
-188.47805018724856,862.288091641892,-156.49968560056772,951.1204333353354,94.4129267228771
-6.042678004691436,934.3691877938628,11.570806147628362,1049.5182868976856,116.4884107901126
-23.558604280299672,-1097.8463881583152,-19.92841220732878,-842.930555534648,254.94167963811682
943.5840934235025,22.704566868185335,628.1138753245039,40.15020036131874,315.9522252420554
-184.78319733202702,687.0437203022248,-142.32910579499833,735.061914826801,64.09443730648121
27.456085639492656,1170.3837439794193,27.564698161144964,1651.0628328522748,480.6791011437032
-57.25180000640937,839.1853598720444,-40.15496453606477,840.6958884869014,17.163434382323807
630.2813028428478,81.40473164395786,407.63440762596997,108.04963646413056,224.23557011007742
1.8125498197600685,664.5706561214453,23.553336682489668,676.4517621939134,24.775441366721907
-155.33378937539356,815.619103399249,-26.547993375361404,702.3630331106378,171.50136649187584
78.53582500229125,426.42325962846746,66.14273348411729,552.7176970511766,126.90103877154212
208.47389466255444,945.9534251212407,576.9211114543388,559.9667552706194,533.6094647436313
31.945635258556543,509.12526843382614,31.541866278991428,499.2003960262252,9.933082185103368
65.66745762836689,499.80967691169803,43.199045590956146,557.4810454603257,61.89358843817757
978.3380000673999,52.912467315412655,966.1378605242478,70.91656704184794,21.748356531743045
-7.586498789087008,-1114.9180022545584,-1.0925215885666755,-1091.5635714451394,24.240486346458013
218.7971783653272,1044.3000256815708,237.26179131342298,979.2270871078221,67.64191944309285
166.956566044846,345.6635372120311,211.30779917545496,320.6817816566439,50.90304500552735
18.112437099434963,409.49350325175595,9.187312749387678,499.00817568274164,89.95851502270631
215.85773421365218,953.207844997905,285.60693956372063,1233.672730409481,289.00779158336616
28.497590401082842,936.1502388340133,10.374603885868632,937.7000507636332,18.18913294381643
990.9854298028519,108.3546772587778,0.415924378900805,93.70050822637253,990.6778940432058
635.5580823860146,110.53999999974234,601.3583101435038,122.8253022362133,36.33941486156664
189.20050116168835,954.5718586236463,264.73337583834365,892.6153661902106,97.69248748790102
290.8752534984181,209.39954944536174,322.4806992995253,312.28260451937376,107.6281897350732
-30.71517754192982,-1190.0138101559687,-17.923489386965713,-1160.5686523732659,32.10365403972131
0.7068436644516594,-1112.9665890871222,-4.687245688845323,-1610.8546348856673,497.9172645621414
281.0303667390026,90.57158571364315,133.89845753999475,57.55095109641453,150.79178032992914
166.7361048185849,959.420438070912,175.35445759303124,707.4507773267956,252.11700843070855
-65.10414207235715,-1118.8376780230633,-79.11062554302066,-934.9462383642218,184.42408508385043
19.801619041562073,678.1907449087709,3.341761589047521,767.2860972568213,90.60302819100674
36.609864108760036,804.1993673476481,31.350980598607954,776.2621264814729,28.42789621108182
3.067322488888898,690.4161192947666,2.7971953006750567,460.12997493443896,230.28630279077282
-1.8762909956829326,661.2714970153288,11.205773412515295,645.6248652897942,20.395036002291146
-104.85847509610154,-1138.525659513493,-46.37430005185617,-1392.9453763957792,261.0551494781679
26.127843924167,503.69394921157846,50.12537583028071,591.0636975837061,90.60548806884633
-95.93496625873385,845.2558104947204,-64.74183243482149,1453.3713270170092,608.9150129804049
25.539365742401404,501.2716161028548,40.630989195284265,639.2625572305087,138.81374907313486
169.2184421190033,966.1540021624334,165.06858281083058,1147.041321047754,180.9349149992818
4.264918431657828,-1100.6580570131,-5.594218277660716,-413.45733253764,687.2714444062477
194.31159292742834,947.8922034707911,235.54624206043584,1128.1100083630618,184.87496717866046
-9.009768916786099,528.7423144185412,-3.4722572337101196,535.5268924563413,8.75754159517397
16.817045967520226,678.5133131399311,16.070633153539294,653.6128667573486,24.911631061428807
-399.77430537056256,386.3818280197485,-249.23496101008206,335.5286556112654,158.89663100421683
-112.70181260387831,529.8064133828631,-58.41440915267422,702.594291277885,181.1153580482307
-7.257531040069056,-1110.8269399636201,-5.173968921357571,-922.4103671709393,188.4280927410829
206.9176119371953,1061.9525639232784,244.26150848901028,976.1402305588889,93.5859132942227
493.62886936122186,295.7430320813652,442.42639515003947,319.4344671893722,56.41788247376628
50.14651331444856,492.89467368268896,45.659113730290734,634.2492928174088,141.42582899085158
-13.348378158874423,691.7058425216856,22.33660359104514,603.3014024925731,95.33500374654128
-0.9492859342364868,-1124.1377174217737,-0.02327142225149354,-1135.4713653637207,11.371414975648639
-193.37260778710043,35.65832265210275,-184.73738793805566,39.06637922727955,9.283419168654547
608.5272381727766,163.23716980762052,652.0654554128845,157.4904739473425,43.91583852959389
185.89383858819522,974.1827319992695,166.18577839832255,913.9441542978313,63.38054811959149
400.71362300306436,1029.1273999999185,334.6112951588478,1435.9094374770198,412.117876050586
37.89544233298131,662.3683661403987,4.895389893642454,632.0307499262115,44.826046207070654
984.0148868783751,75.58818770758097,487.2065444735381,94.8282530215596,497.18076108828666
-17.4916266106928,901.0362211208992,-1.296372861412551,988.4926297224137,88.94329457288293
185.51367410464604,965.9830717352045,169.57953560544533,834.8973303628923,132.05062802137837
-23.592952610488403,-1095.8019682981944,-26.08028811854017,-1414.7506821986217,318.95841255039227
215.04861664065314,966.5123243896045,245.65879628740183,927.4775402794078,49.605417733710226
79.52883636150035,511.81548041138865,43.43630303154085,547.7498219823369,50.9308145066601
-130.26269952360641,-1235.6977301884906,-135.95344765269752,-1153.8416179146832,82.05368810023666
955.9404034528819,110.52685267521386,1617.2286716310873,101.00969364745337,661.3567493766808
-0.20533086759258184,-1147.497559751716,-1.7701188486502462,-1280.051941518087,132.56361750831377
699.6065713086907,-1239.1534000006075,820.9084024837966,-1201.2062529950044,127.09885999606269
379.6209092221139,1012.1424381428175,419.7269479128077,1121.5521520324228,116.52887982326409
383.1633290144371,1008.2218307090677,440.87941542618756,1245.801665524196,244.48992728018945
-102.46721417772542,-1144.8732036500164,-49.325697597188054,-1384.8563604687654,245.7965344368626
984.5546834793067,89.28887811227379,488.2043397054843,65.25514999605807,496.931870432513
325.98413587564636,115.53059296521693,208.89374368399854,112.71102801215645,117.12433517471263
213.70247232951343,941.7402105644287,240.8696919509659,922.8444336337409,33.0924191889101
26.43089175308996,78.56938485413053,21.868617451519178,81.95905509794771,5.683679368559839
15.786269874020235,343.04786660535393,-1.8943616109863823,257.76377061360586,87.09754163487226
0.34423177925872034,-1121.632164690415,-0.09057769451832386,-1118.198867629424,3.4607207323757834
643.3162998350076,76.9725146806471,998.0738500218957,68.05466707760816,354.86962031212744
-11.74437658512477,638.0859872778487,-6.516079069477596,597.7445746598089,40.67879874002017
-187.948771772076,864.3180633496479,-168.3350140563626,926.7047437210452,65.39722761320698
-85.93840691611055,613.1213676208723,-103.37459071824685,620.5411469242166,18.94923825625232
30.419480871743787,81.264539721423,16.803393594646746,87.34941412543546,14.913870364534144
197.0793440716477,938.7637594126729,185.58960797953537,909.9114305231216,31.05593208740045
1.4598696807546836,-1122.1283549083894,-1.8976645119929603,-1070.2816815314009,51.955274767010906
-393.895205505643,392.9917337043412,-257.51289195068273,362.93412732814676,139.6552725523449
-5.377224946050349,327.4891642148183,1.97434507045581,331.3132804862052,8.286703021387849
35.135740012694406,688.3186604606774,24.879216163427035,550.1290024638341,138.56975809589588
34.81815857440227,499.84170222501854,36.98648563482715,427.833747014317,72.04059449968031
-74.75874735150013,876.1205930355336,-46.373398425183545,693.8228084187368,184.49447230164043
38.728771300427724,-1566.5482154878955,22.165178624506385,-1410.451025014062,156.97351839134552
11.521809220310976,702.0835684422784,10.489843732774824,642.8687807138832,59.223779333021035
-62.948519239528416,-1140.538815731716,-50.688847124343546,-1015.5254167314754,125.61309442078573
519.9594528794773,252.16274565275347,498.88300273993667,254.6225524765001,21.219505180250888
965.5508273601188,108.4617233215926,1788.634482237715,105.94886981525806,823.0874907076442
198.77943509793772,980.814011797425,299.66547940468513,1037.797133059494,115.86660452706231
373.886310518017,1008.1590901257604,321.82417821522415,1100.9061332822143,106.36014119104318
-190.02960241668362,148.09525878645815,-168.21919653155726,231.88189293785658,86.57883036455414
-79.52931691548503,-1147.2918164393516,-80.83307645815933,-733.272448018664,414.021421204761
-66.74521964915174,883.3498839240808,-83.71672140252088,1155.8047277359744,272.9829184918499
15.557921663982249,683.8003817914446,19.2741467307346,684.0916350077125,3.7276208475037973
32.732438979773605,-1141.915602162735,32.798376692422316,-997.1128163574306,144.80280081807405
13.731460087574945,-1071.6366700760232,-4.455185189069616,0.5525629573247712,1072.343464333633
217.21943071483875,950.0422937831535,93.32419247370741,775.0186508864862,214.43718341660525
51.77350726010192,923.8644209361714,22.91664511785316,869.7038690380706,61.36842734341189
300.344066930727,152.9385248524484,260.5331033688982,171.2257817068895,43.81023376999449
205.38986049424108,979.9514751588613,204.68506893171596,813.8675505895114,166.08541998472984
213.58792528712357,959.9479906252731,176.00925141110125,925.5277271505798,50.95989862576007
11.616212320972423,69.05237373765533,18.004359838159857,103.97936674117688,35.50638349606154
399.97521678542836,1037.6873232096664,334.4545161486447,1405.381614620769,373.4863506853334
22.684470487898214,943.226904592035,26.423076154246758,1147.050138171314,203.85751818130674
68.4058749260144,-1141.6256320697207,64.15569906208096,-1097.8665809928316,43.96496953284689
214.30826133361109,1045.3283067187015,223.15547964335346,909.3180964648902,136.29765429054964
-72.5064398119252,610.7701829639287,-24.4298446285986,596.4123695139206,50.1747527297016
176.76783587557992,950.2479691766886,177.02035384991777,695.51937594483,254.7287183950978
47.402311510275105,515.5467083530222,32.71200119080614,454.66217968949144,62.63170960354339
616.2726208141052,87.55053995079409,589.9308523352072,159.85554206059228,76.95389591628083
-11.70767588177141,968.1848985749184,-4.420331658578742,800.8173006511154,167.52617174821103
201.9990804483497,946.2223999995231,180.42920126305197,816.9155610156841,131.09354788112492
-172.6025557600173,872.6170340067703,-142.922865548013,964.2426159140218,96.31267450820276
-131.29286251017106,-1154.5767484366565,-58.90880730940625,-1274.1725218934982,139.7948513932025
218.53530656872468,982.529649961377,276.93487544770693,1218.2079221881472,242.80600825565787
-189.74608417396837,708.9420283471303,-195.06259542952324,572.8976527411997,136.1482185925984
614.1331440262672,83.8692240355186,826.3773662104195,102.19246620765833,213.0336852571787
945.1257788454453,42.00519999998067,802.6013329174091,38.04520070646873,142.57944901527128
21.547801842269653,674.6017854089273,25.08047630373142,687.484597833192,13.358392298830438
80.09716418036606,296.36907550308223,90.32311311929479,240.3533146835225,56.9415093924959
-76.44039754115664,923.4136774010169,-134.04107997702107,988.4199736607686,86.8542294335049
-50.54723958234071,676.8946027858113,-44.529120167675416,952.5471804933698,275.7182644623143
191.05030592210105,951.5245990650953,141.43653636644677,1280.1375203627274,332.33714534082
-65.52540577980196,852.489557790138,-7.291632919096722,1006.5196392422399,164.67069652410345
-0.15627865059227747,-1100.021191205512,-0.09217905156172262,-964.8899465874175,135.1312598209381
-19.25100102758503,-1087.478994092608,-10.809316292648592,-1052.704771349266,35.784194954862805
528.6506426822024,338.76254286810445,522.2758289598253,242.84069566063536,96.13344382517487
18.536557848939676,659.4666939093096,26.546452558174995,636.6551635906562,24.176937951938356
16.88466471374041,-1100.1341503095666,-0.49459142014194596,-908.9051464374396,192.01710982538262
24.69143868490017,521.271190641827,18.475523872645827,565.5575340910543,44.72044066258872
39.06705806225255,526.1806703574802,56.88869997022987,620.4555062886077,95.94454445218442
371.78461336668727,998.025569597871,314.04636854206234,1066.5839541654582,89.63234354821645
-104.94904041083176,-1348.1317038773047,-99.05023547483216,-1670.3969601060599,322.31923813489345
-144.2893411107892,-1250.199154626217,-123.29872819059379,-1276.5296459793888,33.67344065676874
35.03069315387817,510.1043853607163,44.99961623290323,522.8246965213816,16.16124201228558
33.97553735398946,66.17440075750187,12.213151944125752,100.85397471615701,40.942328569358146
-44.54084149633568,-1236.6215049844084,-62.09024484495306,-1656.3586430338278,420.103852179208
14.163708588677219,671.220314979547,25.73988133883623,616.6880394928371,55.7474380155711
-27.0140951805429,-1115.1119765799958,-19.224041354051714,-955.1909361140422,160.11066211321722
-158.42602174046516,829.6311446191592,-124.7487777145188,892.6360664288517,71.44072324261988
-376.97258961638545,506.58392973222743,-269.2984883050244,455.0665358400889,119.3639558939255
-200.63407600458493,690.9064404298834,-160.43720125370155,751.4505199932485,72.67306454191456
386.6342742061483,1011.7523073687411,328.6243646177323,1162.9420849448309,161.9367112608
25.06621015194636,513.9844005921472,38.44172840667958,619.5806096625279,106.43995424002333
977.15002330671,76.27259999986154,671.6907525112941,46.76447996731521,306.88123967216103
292.79688897599067,111.22225085479229,237.33165196482025,56.937654463902454,77.60934171881063
-203.34071567379004,-1245.7650131730302,-239.42958387263195,-814.419920090161,432.8521638325751
17.23445140800267,959.9624635651483,14.600527784744719,1030.1562789387947,70.24321511977308
-38.34931060714418,-1094.854527810577,-20.230178176342914,-1020.2101218054933,76.81204533077292
642.7939256404163,93.07410729205654,603.4432724407204,119.64611809709031,47.482056247234794
31.451729280261787,514.9912610031037,57.69097961507421,553.9223771540302,46.94816357313549
-128.97340667036138,61.14953754120845,-81.94054458586085,52.06702725620815,47.901796510535846
9.991283820343071,707.4136642732774,2.7873088482300634,399.7286713021791,307.7693164612477
33.43419742561836,503.1964818685921,44.02206075841291,517.9547463039635,18.163403290635884
-13.21125449960723,-1124.3059693158382,-1.4474804960141414,-998.6711782136786,126.18433783196272
387.60211431984027,966.6229624264041,574.9890748215387,1222.3902890630875,317.0659211283057
192.210932201483,953.2822798694459,242.314311116184,911.8623114656216,65.00740235730014
-166.30908342265383,190.3293780315977,-130.5353287940683,181.9745254625796,36.73642717625481
47.081890148962856,934.1093623758563,63.55170882411771,1116.5112473019626,183.14393943504928
-300.21035011819487,639.7283500199876,-293.77487043139723,694.8628227175585,55.50878739837844
1.1989809050874785,953.5431830763996,20.34260738747375,905.0577341522329,52.12789265139248
102.72910472046712,900.4445959328237,43.43674317415416,859.674292674162,71.95694383130748
51.56629106337248,504.1553794897334,58.69758799002105,752.7070994889056,248.65400240173676
-181.76959160887236,167.46687446910548,-110.5404492827065,216.43024532816708,86.43496053335822
121.0199945960858,901.3254849320781,81.6816853118497,649.6784564339745,254.7032185294634
-207.14110084003067,-1248.1916850494706,-197.49731559902926,-1778.2762289657103,530.1722609611544
614.3198634103137,-1117.0336221113478,501.5841500847995,-1288.4285202398917,205.14763504244075
-2.335256554076326,914.5706192138058,-0.6867823748893835,784.2153949766379,130.36564713543893
385.36891677656826,1037.0580297086472,361.5279319976406,1015.8986862773722,31.876486156282912
322.7405799393761,112.03699658633313,355.57403484131567,93.99027815111916,37.46624890588314
27.584960807346796,647.7462380063297,26.56801916073324,548.3794370924489,99.37200457961704
943.525734925183,48.18514005657096,838.6931677668049,34.02558710950548,105.78449828153747
622.4608761135216,118.42045121265187,579.3691462074254,145.77792490889843,51.04241915643078
104.35881541487531,1128.3792143787239,97.64842390986286,1024.545316390284,104.05050564809524
99.56774141031286,91.1888178727287,109.87939853887968,70.20041861812693,23.384678231861376
12.755037920101056,959.8281189917286,-3.4815858756791256,793.7815996794718,166.83846836986177
-303.03052082446555,638.6503930822901,-294.724506375267,712.2065709405219,74.02365282220363
34.954239814053714,525.8174361748949,42.66570737583853,797.5679540905319,271.8599100996199
49.06960045792682,493.6607572646097,37.93367571525624,530.7340401733459,38.70965158078297
270.87393256332416,87.07417142049064,268.9482268272119,137.70625617385107,50.668692000618776
294.01633328812085,141.7592206727946,280.15848041826564,180.7053570964888,41.33813769989588
-24.729516975603865,-1189.1768983931686,-27.937583765448984,-1058.4752452454725,130.741018154475
50.410606884659515,494.0392510172262,42.233066673356326,576.7902040696592,83.15402813450143
-79.8483960934077,-1145.99889265788,-76.01457771648302,-1338.3311868136532,192.3705006974044
39.07248320955532,676.9083470063603,5.8812754566564465,621.170258511083,64.87211096614206
5.44501825851636,961.4012867976754,17.251438665298167,1036.4905403004484,76.01175931673583
183.67189335092607,945.2089368405049,262.1809505101911,908.5749093144885,86.63558177108102
-0.4794542498744322,682.6156238651712,17.04443236512897,695.1658245378674,21.55444592237154
-31.271755312920916,-1115.000798739582,-20.113096251732237,-1073.5537033082085,42.92292384893223
-19.088937283223256,954.1137028101621,-1.7412659640895423,609.688677707608,344.86162386831575
29.441925851478576,701.5895541111628,16.77039504682245,679.7440253795465,25.254599947281285
203.5210565238107,979.8159710414617,203.95672943254988,887.2893856910068,92.52761105474634
22.79891285579962,670.5109507312465,26.175667906959887,411.1778921388237,259.35504188963915
115.96466103631998,908.0728939155721,105.15874702906744,858.0336791390062,51.192683002431416
296.97675912531474,205.66026371965708,641.4762915642548,192.42706036574938,344.7536011728582
7.043196486127327,704.3000368529644,32.39979674435802,380.1888072013392,325.1015939101871
58.756432204114304,507.56097083497195,53.27948742345584,573.8578093207179,66.52268573453323
-359.9169389882256,169.73119051320882,-154.49462454105236,214.784792813508,210.30490805748408
211.53926834646964,965.3166793160755,144.6319775431689,902.6687955946852,91.65883971230646
-124.61084651996099,67.28876759766804,-73.14600016962636,60.981712267830424,51.84987325729142
638.1076938429126,333.4595744644896,535.3035866815395,362.52696100190144,106.834439247662
277.48245254751913,93.35497909424502,229.0343998335676,96.64998792975727,48.55997214784962
89.37883093673128,79.99066956041288,94.14698201118325,61.99969337793498,18.61210597077302
82.83065352515935,404.9589433427999,53.468484473796586,534.4733003393925,132.801000145487
41.29050980871451,503.5019138374283,29.004770978669324,527.4340901533145,26.901457986784774
-34.03206677894753,579.3640448459075,-40.63969067243273,732.5712534704678,153.34963145716162
987.8568474254627,82.84275987046126,755.2933421609177,118.4024062732954,235.26638610992987
196.4796733343806,941.7270088517417,154.74313570694935,1151.1313941989572,213.52314903956218
17.95312965568869,511.26836097905084,30.080785150563486,484.2797647161645,29.588246924132726
1.2099169022468272,-1129.4255983541432,29.054980401981055,-1045.594426950195,88.3346639788842
7.974486730691064,335.5366675290361,1.9946512672266739,326.0669400984336,11.199739719297593
30.530299078074904,935.9620015395675,11.964856376003011,823.8210707746388,113.66733926484095
-153.52862746026875,-1254.187923307758,-201.77011637507997,-957.1540793518558,300.9258142930531
-9.829725729304478,663.9545659181176,3.0474381597983156,852.1839783833819,188.66937501048073
-138.64052381944478,824.9596549233828,-33.02394837008197,489.8533793237253,351.35605438916883
29.515518512008747,587.7985542792735,11.56652306953761,779.1848979747446,192.22616624828893
1010.2513329819668,74.35861661458105,1303.8262866793893,99.85939113180558,294.68040813637765
198.68379178087022,955.4517581261528,186.79651578602062,1075.4561830690554,120.59174655196969
-85.39798523013731,607.9699999997615,-55.86763972775286,635.067034277554,40.07855501564465
40.72161203860606,506.9705111232597,46.06519733212,655.4133445162894,148.53898037060785
159.76898549741375,406.1651769258915,116.57415525048422,384.6179014277326,48.27088606452773
295.4624080318353,89.43158626747339,182.39972244024813,75.62798528391603,113.90219608635894
-201.3827042891717,-1246.8553591192085,-278.3918279375919,-837.0462544149215,416.981902992956
-111.41597954468376,307.92336692757647,-97.40545448536244,356.4727396800591,50.530549245949935
169.09267645353634,973.0715582323973,97.24444899029714,934.8330296020673,81.3901275427304
-71.59050340838137,-1143.677138384253,-77.57729666653773,-1271.8164371624648,128.27907695679647
59.43650068816443,499.1577583741796,58.27866217619259,623.0666888771982,123.9143399628215
16.315570385070767,683.3591704593093,11.058373032393321,709.5043530137735,26.668496298277837
-333.5917168234552,202.21860784453364,-208.98688820022787,170.9063024336568,128.47888459341436
22.76259060116952,-1135.81465247176,48.14687862044813,-695.1454206509575,441.3997439416813
958.2639304192561,109.43459999939147,1397.1337663919523,120.82392733818023,439.01759612107963
619.9565273920505,121.5940000001093,575.9974590429729,143.4421233201465,49.08910452153745
209.3741581591367,953.4388012510644,256.51257333957795,858.4944216236763,106.00219530063161
650.2015360014424,113.40036668091284,1048.7107298059057,132.77981264279083,398.9801254103676
-196.24542695468006,508.1596396045468,-16.041796996076624,131.8485770040874,417.23298537596975
981.1856726004523,68.4452885258112,1095.13003782264,138.0982776608898,133.54720985980444
40.34767806154929,824.67877194604,30.004350250266196,867.9279695906932,44.46883770819675
201.61224054939566,1062.0606676804982,222.36845201444,1068.3172921948733,21.678691489467653
534.6686032940121,301.6717608182401,477.5819070151205,421.820166841469,133.02078920966107
-83.75571628331979,610.1807999996778,-68.15954058334293,863.2739459617409,253.5732265627401
-75.22611199865047,-1131.804545380127,-67.96995211950819,-1134.363564973669,7.6941820534613585
39.10070173006213,494.162516989155,35.24550528246123,559.7752401011325,65.72588511247768
-35.78824544099617,678.6719166904314,-37.998161449917674,920.0723083859107,241.41050689540688
298.3016706103747,85.04438057696488,247.42382563111002,108.74080982416775,56.12553669054559
292.9047478965766,95.51225430966547,486.2546198835331,80.77845449896188,193.91043771348242
20.176445113362423,681.4707381299971,17.85672953330235,613.0659907747171,68.44406870658747
190.41950564603582,948.2909361367291,218.259203739938,990.8322670429895,50.841062392868714
-93.08931506369568,617.1622036294066,-1.553409094868334,30.440239870534313,593.8194042287616
