true_x,true_y,pred_x_rf,pred_y_rf,error_m_rf
480.8947053608817,-1086.724410085134,475.2988289508284,-1030.5842432516824,56.4183672653185
42.62218164945437,930.027812313567,56.53294183853098,923.1441947165567,15.520742258663658
-311.4719070771041,218.88702378206779,-318.9382260189287,202.95441688485553,17.59528007967318
18.517670117325707,803.8566078028183,19.24908903922113,811.321651461446,7.500789989362719
200.58030457633492,970.3863906579751,191.63000583067983,944.2489116600132,27.627443891995792
222.6437309457574,126.11584821133397,241.5767583984232,136.0334078801396,21.373289833521593
618.1202679385262,94.83515911604376,615.2008225508297,87.79392869750443,7.622472510852775
-64.55214686894341,864.30153958756,-54.9457584344885,847.8012204593001,19.093015217299968
-24.40480162514632,-1179.8513757076366,-29.531771155745282,-1177.1220440590255,5.808189719336018
985.2741125116224,71.9936571554318,973.5683316379011,53.862959113771936,21.581184335930892
7.777217526164916,696.6724917322109,18.620181530876078,680.8312812546408,19.196713724024224
-73.81865518557466,-1145.840477586393,-81.56800266616953,-1142.2790532692643,8.528547915186858
42.698992615068676,510.6947999995169,39.65493471267185,508.7807434629141,3.5958171447469973
288.3217944877422,84.13780506030744,288.1529376360305,76.15615960058906,7.9834313976518265
522.5507093236714,227.8415675804105,515.8409359504458,237.93388339885664,12.119236663227012
-124.35422122682127,-1158.7454254614304,-103.9253776644564,-1146.2847351549651,23.929196647802737
81.07762703109142,417.7406497137464,86.16440282663092,413.0582995193406,6.913732084564628
-8.97859640987501,658.6173182995263,-2.0038759276688456,665.6296392750468,9.890367600278056
48.22779194775025,-1566.2991880342645,24.164163549054454,-1431.8679019957358,136.56803754057256
-97.01472584787982,603.6215867965175,-80.83093332826604,602.0427548932012,16.26062269708132
193.0651663631295,937.8036627205885,194.06570565645117,945.9228197235526,8.180573898954897
196.9114368849023,955.9134121288827,194.0342501643738,952.171811023757,4.719934560421731
-87.72007453455296,929.2019027483857,-71.83442739805152,915.6111178563964,20.906056991354472
-23.80102004652497,900.0090240305169,-7.833354326705225,906.1151113718365,17.09534004223754
973.5360879676114,84.34282974381549,903.41953537289,74.1307909833006,70.8563101171278
-176.5327068647133,618.741103228285,-177.36612763486445,547.6277582865729,71.11822845782268
18.260695528473892,687.0951257401098,16.333620270839525,671.4014404425297,15.811558344074319
-44.72460982523609,-1103.2282527815073,-43.875339283658484,-1101.682334177968,1.7638380825803044
-156.1126555048656,598.2164763125621,-134.6433740521821,609.209775147419,24.120171337845104
984.311911909119,86.63595243379531,874.9158702135751,76.79890905229502,109.83743151195176
624.8833342323574,91.7482000000611,619.2957138255595,94.61431289003411,6.279817267129174
200.60011361331934,964.6388964616871,175.8959945658993,958.9322234585292,25.354676386695875
211.03155965533585,951.7493999997064,217.583979950446,950.743188370692,6.629228730865697
13.809658546664666,692.2142583378238,9.501101488696062,687.0843882707014,6.699196282191575
16.26918394040784,943.0121595485231,5.108968935380214,946.2964344600116,11.633437181361177
467.2998905631765,118.37209472171821,461.65468117631144,121.13593924255098,6.285477353144059
-165.04233474086035,70.48456236256415,-163.86342247926592,59.16448901342848,11.381295829137793
32.261041857799945,495.898468835813,46.66320115781225,507.6903765839686,18.613739034485878
-186.8056157590936,157.6055114260994,-167.72941796077544,174.03968450185212,25.179026333922327
-35.450715184101114,560.3805250138782,-24.726950920906564,568.781002892745,13.62230335023777
-178.23879267521454,685.5819057570782,-176.19175990146633,687.6932066628889,2.9407371000612113
-4.615352431697811,672.8052158867309,16.147047894287258,667.8174825773477,21.35309698526178
-164.65130117484986,664.8481545736151,-147.67446768806295,647.1218435663254,24.544550865013814
203.55621334705074,953.3733628514054,201.2445429494203,944.0629753558345,9.593077469976166
915.3422032355525,-1073.9401541893346,864.4549880470864,-1030.3541499377745,67.00185397624652
102.18595400234234,99.63786723170341,95.10508568510153,101.6712217277243,7.367036489158522
513.8232834299425,248.04285126238062,511.77867799188425,245.9104578180168,2.954236483239508
100.70250142347453,927.7254136039858,89.556490177976,890.9736057836895,38.40480366757219
212.81347994181402,952.1405569275167,194.75979142852484,950.8304193278964,18.10116375995778
206.87435990784536,944.2895220009555,199.47891203780236,946.5895179026218,7.744845404926128
205.39691712042713,977.1789751972051,199.7920703205369,951.2344926779465,26.54299306488164
119.22295618386741,906.7125835299591,114.86460078593664,913.1353350316156,7.761894010272368
-29.374553568145515,667.3825173399978,-39.17132360454024,675.9616472842564,13.022218464857534
14.029478238354887,821.6159594186093,20.338759484069453,812.0944238730619,11.422200706634792
23.66360693029408,677.6843989757559,15.391380725747467,674.4384576970668,8.886273750222047
1.243272588348916,643.9920782392724,-2.4212828764931427,638.3646622158689,6.715413453791378
210.21042518199997,951.7493999997064,208.16162303773814,952.4441475466276,2.1633918693304124
7.624383208167863,-1123.6762136144343,-3.595007997112962,-1118.7121073459384,12.268540665541817
205.6282012511802,939.9557288375829,153.0285186738952,945.8932953298275,52.93374446495321
-60.7639510290408,882.1091999995939,-53.54887107654836,874.9534457413215,10.161800909565283
15.075285763320245,596.7032648899751,7.107229442010272,606.8815938239667,12.926264016648341
-147.09126417553765,72.82161159002185,-132.05194153814634,3.597241058844337,70.83921725167005
33.78678875956856,1180.9983220821614,26.413765745392684,1154.6567208910676,27.354001931677214
-81.49453347878298,590.717751330784,-53.99533332049969,607.736517675551,32.33951788822926
201.4682178040631,974.2982218578763,201.27859775313502,960.6432768713319,13.65626150706225
192.17179074582907,936.7722967377128,205.5361665803838,938.5553419929678,13.48279614284505
-56.92610986269853,-1089.5920098400263,-48.52849652956186,-1085.5405334260854,9.323860296336186
87.13139810382235,659.1665551298141,77.05481167303903,667.1273373450947,12.841793004723836
-7.914465884838732,-1115.586483944463,-2.099792532790273,-1108.8310767467904,8.913245906929179
39.630658017871525,483.94220395540356,45.876306085257674,509.50237952209324,26.31217768983868
-71.43869918284445,621.2348000000446,-69.47283592316967,619.4112765575569,2.6813907027961115
206.23886451268646,945.505831004176,194.27649318135406,944.6718327733291,11.991408629420446
-6.913084507033769,657.2486704823714,-0.3009244211391863,618.8538889964337,38.95997826429575
-133.13213995468922,610.4587799220672,-130.16579347861605,609.5331615391818,3.107407409215429
-38.33694411207658,-1100.7471290092706,-36.749841435134456,-1094.7421180508982,6.2112037092120405
24.880988955475306,-1128.9175268408267,25.724270163345746,-1129.3439446308105,0.9449631353455595
933.2634098987195,26.368408914138257,928.3432438286679,40.22485368833324,14.704050324220262
959.0677527662466,-1096.0384328144992,927.5017844202325,-1001.9346231261914,99.2569259823959
299.15852692773956,93.21176286068007,286.63797627338056,94.01224122515139,12.54611311523837
-69.03666735422419,878.821905803096,-52.376983851957974,864.8734462006756,21.727967683978967
-322.3949795083212,199.85813743017712,-322.345574128116,210.55921735733503,10.701193975394292
57.52061621564552,643.0027138963586,43.89057057474462,656.9470871951432,19.499325395225835
197.14610140725713,-1159.3765108710772,194.4965150906101,-1151.4534952761815,8.354309293192648
46.191414265717135,494.30450334155967,32.25543111712014,495.863694104581,14.022934862341423
13.13815157395704,940.6954000001247,8.634237709733888,942.0576671203522,4.705423658204924
201.89131557862794,941.0638847119914,191.1987356235224,941.4651696874765,10.700107276465737
35.96440593948213,677.0726871079511,27.721757660195966,670.1409210647249,10.769894666803497
125.0249669375762,911.2614284652918,89.5745483903525,910.3545498855043,35.4620163545704
-65.86746947870988,593.311809183934,-76.62843472913833,609.7583544867783,19.65419104210195
-93.06465098832889,604.3157667264272,-80.89810235023027,610.4744744035219,13.63651663787801
-92.20484098518287,609.3675881083046,-68.84608991291907,605.1158157371705,23.742552936698385
629.5443564434363,114.12295560720355,627.7438857612788,91.91136772505384,22.284441454157403
-127.22705430095871,-1141.9198092673744,-112.86792561737194,-1153.1859550460435,18.25131823343261
222.4051488565089,976.2071102423628,210.68661519829502,965.300288229353,16.008834983288654
39.61658974447694,511.9960903717646,38.94275143031487,510.9807736294889,1.2185754637190356
8.24385886660921,502.89147993662027,26.58231204700338,504.7717305200697,18.434592680774667
-37.14387972400196,669.362293394916,-31.897103972037556,672.1368447238644,5.935216160206048
943.7444610965654,-1081.3663144012892,933.6996921945423,-1011.4703055152161,70.61408811630339
-4.377069966924118,695.0590060320357,4.249636575863258,684.6283787568212,13.535806260796493
304.2100311038539,119.05548000649802,308.7438021996067,118.6762831745358,4.549601145820774
-193.45211245471202,120.84309585275173,-195.98594712661207,124.26047665192783,4.2542695813853095
262.2309643834192,94.22199694289745,277.2105671786916,91.7560211454647,15.181223156836102
-5.581157613401577,-1124.7800891558406,-7.2108542364500305,-1114.8772693313585,10.036022696234356
-8.21134473365022,641.1320000000766,-7.334541986570574,646.9264157825202,5.86037859844548
-1.707865548693849,510.643081438181,-0.5368594521034946,525.4479044427019,14.85106189716554
58.90405491865328,487.22896891787224,44.38255247265852,515.1702204526196,31.489483492382842
-51.73147182205472,848.9472000000635,-51.53936097662624,845.7550545150041,3.197921102015578
22.052863874341824,519.6831817591896,46.202322719499676,513.182982324011,25.00897749231399
-4.605738552314209,550.1050679960728,-13.290033689416356,537.2689444682352,15.497840147910976
-305.5950918983078,208.82152527830547,-320.2083843750017,200.426811316295,16.852879264783542
280.3797731588587,90.02935265670698,282.90907004458177,91.6244333225319,2.990255016987152
274.28759945318774,103.06549817061651,258.9835724870275,87.90799683997,21.539802412499284
866.2166088775216,-1096.0901859278583,768.1493165336198,-1077.063316643707,99.8960238569108
-131.17440280989948,676.2513892087238,-132.31350362407946,667.3908119067873,8.93349767943426
24.568940706070943,935.3176162552701,14.922031162417003,941.4256093863388,11.417987731322198
199.29187311050853,959.257504953269,201.57126241590555,947.0022620065848,12.465415969305203
150.5288344309059,335.95515302443766,153.2022847974317,365.5086726888652,29.67419521095698
953.3638242223013,98.74981820644106,955.3366859527058,94.0225569324052,5.1224196001785876
201.23132413531954,1004.2598122290545,204.35995258546822,962.9746954540545,41.40349240226561
195.80274629185377,971.3926214682264,204.43654725800275,963.0880471194351,11.979502253335747
-32.8170449195043,-1093.7022726684152,-23.06277927866095,-1109.8851698935193,18.895286734802976
-9.633441307006793,-1090.3613218052092,-1.5287923218250175,-1101.004663871676,13.377819908969883
51.94637811012004,286.93331441739286,55.86494420868597,285.35627988648594,4.224002625532218
197.8176045659446,955.0328761649054,207.11560026615024,948.6302752469472,11.289199376203817
240.5741095202811,-1388.6315297219073,231.596009988167,-1395.016502415321,11.016993578294615
-43.4893849922289,1179.1172798960795,-61.0087545559306,1208.6923594105144,34.37460746240904
-65.13868029736577,609.5043804072702,-73.13165696485389,617.4042469432105,11.238130062100144
90.00926329390751,-1124.6674294042239,60.64009442840643,-1128.1058914287453,29.569766670442192
-125.65257470949582,-1251.0526737118519,-130.24461849702286,-1226.8908480126204,24.59432225670406
-8.635190773648002,898.802339834549,-2.6354423799868734,904.8594047935485,8.525550815330279
161.3736029649531,408.3193784531915,164.55953518886696,424.8231791819759,16.80849792904756
17.945342252434223,521.9267654175354,15.467008361231844,509.7944118140982,12.382897190686752
402.90329400322736,1017.0146514096587,402.4600031659504,1023.8936326691287,6.893249591778444
207.2546789000489,971.238940862147,214.73511286594044,943.2977985913817,28.925150366302564
175.7460637368166,946.3182948875354,206.17378728129341,608.0800067477373,339.6041606397663
198.1141424628328,1020.9121094182243,200.60018867561692,1021.5656680296445,2.570518358358821
500.9707591505708,285.3477269105633,509.9305863433129,311.24442025745674,27.4028690035703
5.229924362322006,659.8078658565162,13.37221440230551,635.5344101301692,25.602686187080817
477.71912893237925,-1065.2113875296657,491.33566682026003,-1075.5098599821615,17.07245263302577
27.264886393064096,692.6560391566916,17.930175016011223,683.757148545611,12.89678605703212
-142.73762043448963,172.4677534625364,-136.8105710514156,141.9102339164594,31.127028692091322
-52.552722097313286,881.2496897605291,-53.963943682363684,874.2023865895482,7.1872128357125025
161.37353778077113,352.5803954624258,160.0080002906073,336.4381209908475,16.19992956011885
952.1922263677853,44.579788855930765,952.7370288452793,33.8112006617133,10.78236066156773
235.6216735685534,1069.1093442502965,225.72664135958064,1062.7527692205272,11.760854923248393
470.8919160047821,112.59889504608023,430.1845125777899,123.74878169010911,42.2067845961119
970.8369919475917,101.70192610798256,963.18402821284,103.71958031740557,7.9144666550708465
372.027615230582,1026.2059690682486,370.8932053918612,1011.5938968536459,14.656041078236308
-197.08488622336597,269.71986009715846,-179.76817946310223,251.96425540788994,24.80181104077963
991.3687154171151,94.47007411257356,979.6630203875401,103.14656521010924,14.570682684453539
-0.7525225940969789,518.6322286600602,4.14802209322424,534.9597367185141,17.047077685964595
108.70669270283419,1142.6596995950474,90.84868042485036,1132.0715786781436,20.760946680524874
3.591715042101537,950.2113946158487,2.3045490064233944,952.3770875864974,2.5193297613692027
13.908825509945434,-1568.602019145652,23.43714935308536,-1208.8337449643702,359.89442905196205
11.773055398400395,-1077.8821368158326,-3.4693789187147326,-1101.072335324384,27.750983960529975
46.517048947729954,408.8031599011673,24.780825134825406,412.0927207122847,21.98373571472142
25.557846888215266,695.5906576985822,1.1044442505709169,694.0761470619085,24.500258019607656
999.7239153210552,95.67651679545929,971.4300573854733,76.38596463204061,34.24423746630176
321.5288802461744,140.62300269597313,318.66942085340315,151.5140193337408,11.26013993798657
17.233136004582583,963.3285140797287,11.602391540782405,938.766469549714,25.199192739273304
-5.01344939134402,536.7552956144822,-0.2626351864630887,545.2754201036686,9.7551400256753
199.4880399763001,1031.3599883897432,203.38038536687387,1002.342061767828,29.277814434728143
697.4725661363918,-1231.4588579475549,694.2768315235443,-1199.7784201865322,31.841213174842768
207.68895074579984,975.5689641908044,212.47869024311947,960.2738270852833,16.02756449149005
-9.710239671681052,622.8248410382713,-6.556994318283258,634.792595997538,12.376191458755695
-31.707571354432204,-1199.47924597426,-27.594620913243748,-1188.0618819860676,12.135590705464024
-32.706175992744946,-1102.577252182205,-35.05210288168073,-1101.0883586244458,2.778520648576997
-126.44263044322766,1116.9022565137109,-119.11731223488543,1113.6066902317596,8.032499235742547
42.22409480335016,916.0739228608546,56.908111862916236,911.7094176524355,15.318918457905088
23.301079150749175,928.411145083621,2.9307677682198534,942.0661902222821,24.52365885344345
-7.004060990280946,-1102.324225469388,0.16409728415785999,-1099.3547565514234,7.758881279035232
-47.73419054830571,690.0220164383064,-37.475851933268046,683.8694734239762,11.961910243934996
39.86075517155114,511.7197869243463,46.46976711200896,504.94655751833517,9.463386043883439
-411.47947375643264,255.45744514271604,-406.9382170184785,274.8260271949489,19.893842853357683
44.77705344574914,524.8918703366834,38.36496141903637,508.9500481494756,17.18303287570572
-101.82807539788574,620.8152648609358,-82.73540116253517,620.6611342005892,19.093296355466713
55.006412792125545,299.2458001412359,54.971093946635406,277.10248282262364,22.1433454855765
964.018458706301,101.87127259771002,937.6882747303033,109.79989980377061,27.49803115829511
-31.732401480137916,-1096.5426657087223,-5.185660829471283,-1090.3510070226923,27.259238369001565
25.369611655528054,498.8061379940559,21.70894208187676,500.96871027444706,4.251731482040288
-203.52941078937175,237.08541030668312,-186.77673485331206,252.96937813776475,23.085765854254642
-12.442768702873806,555.6556966311816,-7.506578815783756,541.638001684737,14.861417907218327
24.219317258519027,808.6653899375448,36.83063135410582,824.2004306059201,20.009566006928345
-9.736534269217026,-1072.6699775086497,1.0814866859429566,-924.8965333189067,148.1688914215308
667.5972835128372,-1168.9571844252503,655.0160282059492,-1163.3189232133705,13.786876897632984
-6.194177005351856,36.552634730745275,-6.280076877382502,45.98298467408996,9.43074116079728
41.53761884274316,518.5464480208884,43.18484717856257,514.3486291643807,4.509439470974018
889.6184531035935,-1105.9154295564265,860.9652403280809,-1073.8921973294255,42.97085063881373
39.43383000654959,518.3712956089736,39.920234761938275,503.7927962460555,14.586611438599014
-157.06413941942733,56.231295508810895,-161.7755200728742,50.94681468181862,7.079748955473093
-94.28110750262384,-1211.1166214782686,-97.93585579212868,-1220.3339129900435,9.915424744945406
11.021146320675548,-1103.8913783318967,-0.03729079634320725,-1105.9135427136835,11.24180502668611
0.9310605277452186,538.4104583795416,-4.414143745497912,530.6324311911372,9.437632948269105
645.7097379217156,126.36876978753462,609.7219318779488,114.27614157621684,37.96516615136745
518.6348854944973,316.50294857019514,530.2996482243038,323.15070126440355,13.426068129800258
-20.695628706004833,-1097.7725274295594,-33.408688118513,-1106.8513845755485,15.62202057043966
541.2783597366042,324.95780554004,534.7006108524142,323.45659635220824,6.746881458058464
98.79925003987076,899.0734712018279,31.593046218885377,889.3819368285796,67.90139667588352
323.90869596887296,141.98698118297034,317.9428505408852,148.45068220540276,8.796064038991313
962.9081083807496,110.46410458708519,955.5625357583626,110.54046051956202,7.345969464896049
-11.038313704463224,-1093.6843581973567,-1.9308900067398396,-1107.1726688435233,16.275124899592782
205.28361834183897,951.7493999997064,207.80762059984067,946.6054821337212,5.729788688110483
204.20471035096844,928.2523627550046,198.67449877098147,919.6982262055994,10.186093079551693
18.55298592924984,664.4532104435739,23.308828530288782,603.9820872784644,60.65785007478996
973.7151938381377,100.47188420074501,965.2359085855512,99.76377264591163,8.50880134735903
192.6846810767045,940.5208387419241,213.08426205598653,951.1004631256483,22.979803224374592
260.270300306125,126.78957459003243,235.91547110415578,129.87752418209647,24.549809330017656
-39.53891160710951,683.3714621540952,-35.37016531316231,682.9240948664668,4.1926820954299036
-67.2100828122812,608.83353330137,-90.49410001705431,618.0173578381116,25.029744112032514
20.26340422835718,948.4752430113484,12.373304405764962,942.709138211402,9.772494040644652
-9.441304618845564,523.4447815437471,1.2590233987515447,528.8235582654464,11.97615375260638
41.814340244974495,514.5792960459636,42.18469872284672,509.2906686887813,5.30157945571589
-96.77024817088567,-1155.6933377988214,-110.86458803236364,-1151.3513746235303,14.747984958848814
174.11052938616558,960.2727467478651,174.25061718831984,959.9033318827934,0.3950847185710231
624.5306555829023,73.38093761459332,624.1990092025687,87.20500527503127,13.828045270462297
11.344313604612116,-1105.4437134820184,-0.7089881418340918,-1112.78866061009,14.114897495378715
-20.603846419124235,-1188.4796708334807,-30.36017653016091,-1180.7442526455816,12.450810085179233
20.580404952775186,686.2244773550221,23.262930695544313,683.002124767914,4.192791499259379
280.43306949743555,75.0901865687658,285.0864415987287,86.24110046050147,12.082911591747946
41.80541847399785,523.96725404255,45.471621520449325,507.0159422996825,17.343241178675058
26.142708659558906,925.0556809634295,13.669194792252133,941.84264286492,20.91388625004897
135.12381334688266,902.7156821284512,106.83869089811475,907.2573574300865,28.64742512839989
931.9086129917839,45.45749332427036,949.9720775342232,38.281531039126754,19.436645440861586
275.09623060428817,74.42706018974319,270.4964739354762,85.49821247045867,11.988668576412962
19.917806647023465,682.5158051502647,20.336954233725066,677.2600759873114,5.2724163088431135
951.8735470404488,102.08551018177813,944.1653913802212,90.00414408295624,14.330913107546966
-140.79191856276708,195.97749836391216,-134.91801554497903,154.52458799417843,41.8670098619851
38.238933303458595,518.7000528404462,46.01553442556119,509.05359161658805,12.390711809887554
39.95210858173513,495.2926717175657,37.885688593958214,505.1842996068676,10.105166691663188
-3.9665126066252823,-1098.772214854847,-0.8243956441499058,-1099.3851979966732,3.201350861439359
983.7424717198047,86.98447697027862,985.9599111966025,82.72295125363672,4.803919156986481
987.1295526351768,73.21091210858482,845.016607024165,81.60830612986285,142.3608286593858
503.74304153529624,259.5011985725752,508.27959908093834,237.2597612777084,22.69938076922837
26.205993369714804,505.76108433177984,40.80396376882224,506.78553214920714,14.633872799223333
13.751271088018326,931.3500665695867,14.59094589890008,945.0253425803419,13.701030171427444
297.3924629973667,117.72857136948485,291.67449923592216,100.8794757838101,17.792895538174715
56.50685243424844,825.9267299281917,29.389824958448163,816.2347673004583,28.79700190472416
999.7211055404333,98.094379051611,942.7576322142829,80.50720593865051,59.61665833879225
291.10436874511635,191.48288801129831,294.0112405438894,187.13159173338437,5.2329420933820705
282.3080624794596,102.35536545217815,282.1775194640388,91.25058770463865,11.105545024946935
213.10925248208937,970.4510332889535,211.372435152727,961.2050530110018,9.407692901867263
108.55714962000027,915.80702116609,117.22715820284034,904.0590028059205,14.600855598813347
39.20056190651455,516.6300157625433,36.87618946661219,513.4783611069563,3.916073838356569
627.5076645893033,101.63015300687374,629.0124079427591,89.02785387037439,12.691816106672112
201.9990804483497,947.327799999874,208.44846985032999,886.7489025207524,60.92123967422443
30.582719323639253,694.476795436102,16.32006192900671,680.1959208580047,20.183329127574847
-150.96549516904915,197.91815975677443,-152.4465711353206,192.7771722244663,5.3500783943054895
-206.8829977026525,534.2971061127258,-187.87456444601003,532.1974221825857,19.124047884240404
7.245459575819696,669.3202200173456,22.90118100999406,653.4915298811989,22.26317688584933
20.383409267078086,504.6410616281517,50.51636611199127,507.0098130698018,30.225917217012945
205.017630874949,940.1757546809995,200.6531108318316,896.7688744963092,43.625752515857336
-6.09643798096267,-1120.1539343143697,-8.015021222305515,-1110.1238217261312,10.211959664369207
203.45380676915434,969.4285788466316,207.47128137872937,964.7524828862439,6.164898674701308
290.7399561753976,132.26525670700883,273.5401886890825,114.2163516953078,24.931806466935118
203.68001399606248,952.308984654322,222.40112279906666,961.9241824117472,21.045948368470242
-107.44622695878577,-1136.3418527118722,-112.38580799191442,-1148.5830889775825,13.200277500711325
-8.615543645228726,942.3161736248015,10.852010312579644,942.6477006608573,19.470376659834194
23.987655516149243,-1141.3299199825594,27.153110588550117,-1123.7127703954238,17.899275554918432
-128.11380191146776,-1238.6389201553363,-126.6865156924145,-1231.6307901900122,7.15199493581845
-103.77264379004461,611.4196042959196,-84.22837604271321,609.6400768585753,19.62511451379685
-134.41674979618068,-1236.6424143653483,-129.93143586747436,-1220.4727051465766,16.780272264140322
-11.010909771884265,-1079.1456549221687,-12.89136771211803,-1094.6846062292004,15.652320268487111
44.974969708961424,493.89619712971506,38.89900782369088,516.8673641752052,23.76114113974904
-1.9170905918947794,-1097.0670040317698,0.45260371109291697,-1104.8877895862763,8.171911513176727
-73.98902231345332,865.22139263013,-66.28074474594182,792.3851280636317,73.24301317572035
268.5999706922944,623.8888657138951,287.0865435115514,627.5967891913654,18.85476255794451
617.0904015563474,-1139.7899312468355,467.0837604268667,-974.6100075307155,223.12866149782738
160.05752639352033,349.75834200929654,161.71280779977744,347.3292252657094,2.9394837451287095
639.8059295347048,93.84912028786516,634.9606396582559,110.68018446164665,17.51460976467271
-172.25774876372344,371.68760558293263,-168.82207429125378,362.59192956823307,9.72292040722131
209.8419346841347,975.1256760574444,197.5460219065042,962.9989179062667,17.26985044209277
165.72813519589184,289.78417808148333,161.14617313292268,304.1855893359974,15.112743710793655
-71.43869918284445,621.2348000000446,-72.85189203558423,623.4209270841135,2.6031261334661084
22.003801189498848,638.8998143336502,26.108252415233977,649.3762636855208,11.251778121112666
-366.69613274456646,176.56457585344612,-364.24114367447936,175.73622462308106,2.590972229703438
658.1724268682349,78.735379226475,605.0406111110813,69.28903830762525,53.96501832119816
-78.87369442924984,609.0468550027022,-80.79616504513109,604.1655928379319,5.246199919002795
16.118673249375572,496.92717360748543,23.156507342120054,501.4084792526513,8.343453062275369
-2.920359767272497,919.0479148503615,12.271305557048116,944.9765461309511,30.05129972914538
43.1370966142596,508.7207668938338,42.77949560717313,514.3749391750916,5.6654693244614585
623.3613482567516,126.8657436989275,630.9278568625322,113.90612597821301,15.006789928176113
-32.02416520876354,-1109.7466990342925,-27.07184996809154,-1099.3027795487633,11.558584708484414
-2.7275287645297337,533.353783219341,-14.022044677434918,538.7274952864814,12.507712464211753
-4.02598709935359,-1115.54124338857,-6.823338543456484,-1113.9556331330516,3.2154836314665585
168.47232971407325,355.4611366919344,162.65722576962412,355.57387769637603,5.816196731441465
-79.43366237369281,604.9708643313805,-79.7732986709515,611.590230013548,6.628073238028638
-6.4760828830430865,319.59749921231344,-1.5894260009583934,297.0668314771448,23.05450940869911
211.03155965533585,967.224999999907,208.05745148546507,965.5253383379463,3.4255173581856497
40.28622709221844,489.935677239595,43.89529437620741,504.5663313404651,15.069220486795828
33.92988432636556,516.6592857217631,38.53792737753547,511.50178826286265,6.916201327318355
294.4574229540915,86.75544431395677,272.1468628257804,90.2303725001905,22.579553120876145
12.89507427989503,691.6891411580605,23.856643253568382,682.3623478238978,14.392535157600927
204.54332959315198,946.4752146333942,200.2945205155893,938.9412331227227,8.649465647120609
458.7015261214342,117.9658816434124,426.1807625624904,123.32943002324964,32.96009274379524
-163.81174088422537,666.3072209773015,-164.24918214922738,635.2001931363576,31.110103438554944
-99.43166038960153,843.225482611523,-99.0568356316007,843.6308695327276,0.5521160703095932
-88.47867652056885,608.7137433780894,-62.02308940652654,622.1777465799404,29.684633596663048
378.2377221287616,990.471808678688,378.2628992944315,965.6765147805016,24.795306680642426
19.447949732483977,683.3591704593093,17.997011023516187,651.8304685934713,31.562070028470533
-4.044904205835994,-1105.9396111580531,0.1978237155008356,-1112.8991983674853,8.150864637581858
201.41490225477392,948.0673173917309,193.2977716611731,942.4902239841177,9.848440483183726
1010.1835899149996,75.93541451554924,870.9159440854086,79.93895901475067,139.3251791438773
-86.32605924830749,607.5579318444557,-70.73947120445175,606.0642289861321,15.657997160487376
123.27758806714668,906.2898550426556,88.75007840000913,910.0440188327731,34.73100444238988
-8.705108269351754,32.07343993063091,-5.8510059612318095,37.577490588823835,6.2000381961056945
209.33412250496053,948.3608635112779,202.96903994621243,934.1354449694023,15.584505403483824
-174.1670377405152,155.15183968852776,-172.30487258805815,172.33241993368554,17.281203563853165
63.595291123572935,-1128.015449371606,68.55973612840377,-1115.4132788270333,13.544756056883717
-64.3169480201427,-1091.5123561662476,-45.24100510687048,-1090.125733496206,19.126273041538802
27.870739732713883,501.6983333056772,35.14642869764777,489.8972880698933,13.863632949969428
200.09802015684707,948.7907435615396,182.11229391217785,949.0192126873995,17.987177285212223
14.278598729507124,673.8918982893981,13.492589055268501,650.1210399989302,23.78384987914076
-115.71423089457585,-1149.793981274455,-116.9605004019498,-1150.1297319189218,1.2907037538761426
53.106133915707176,521.4013069918589,41.23377485267712,517.1743236975967,12.602392530447664
301.1918884031184,190.85586979301632,295.4188806169812,188.38647417876007,6.27897552141342
25.480422751048472,940.5188487020872,9.853489820782352,942.9685147378681,15.817771540071439
942.6415769641418,-1099.0124204715514,933.7040069476844,-1041.0658279178313,58.631798082490484
-9.209980985533404,598.3915702787666,-4.627018172686557,598.1550926124636,4.589059798106493
19.585329199191676,958.3414673775551,16.528010223806678,941.8395183563265,16.782774526772283
-34.157881094174705,583.837364146169,-25.03325337201408,585.5802265751366,9.289585594327084
27.649919415033754,648.1689711999538,30.30839618487436,653.144330871075,5.641072822859238
671.312264397616,-1232.3504866531903,668.5986292689639,-1198.0424484145285,34.415190009600884
39.68310563779624,519.8501321436612,45.218063990910935,516.54873940398,6.444762058628226
-5.446138805010486,947.3146837141238,-2.2869514789001077,943.715811486408,4.788772898444908
906.719835378834,-1074.636261042395,899.9669006427074,-1067.3313940481687,9.94802539973248
-15.99886702133725,643.6609417469596,-0.9996955011231725,632.5197347459302,18.684261819311622
68.78277813417849,919.4202641823266,52.63079730877436,917.8751292663436,16.225718057849157
878.5410398867577,-1101.9848915287116,855.6636527525818,-1087.7677178890558,26.93516044851195
37.470984221236435,270.8729117133205,42.23224534086498,286.2730957302109,16.119406788197065
95.09249954624616,1147.9164071782184,94.95389270912516,1131.4474098585197,16.46958058274526
15.124067790955426,929.7255257798853,5.933106592263302,940.4734242888185,14.141820608188764
290.1741367633463,121.08641067804116,300.8086096901978,110.17157759040442,15.238949956047048
-124.79102853941274,-1254.0127121343885,-122.25180653964932,-1242.3144399850169,11.97068167001556
47.90904558975477,517.6501719018437,42.323936079119285,506.9015645493455,12.113051154187753
25.134180969647428,505.70373023008517,38.20625962157679,497.4240733245928,15.473589071540399
8.909490396972162,-1102.9071666963948,0.2783698173972983,-1132.0478947280965,30.392075820462864
-386.1168030987452,508.4240881833329,-386.97479183067014,513.2907811106239,4.941745108021509
-9.677263546505944,953.6617174049836,2.948181105469341,955.5759137037475,12.769729837795808
670.3738781679823,-1239.0147132553998,658.567434285039,-1074.9576955495363,164.48129734320278
23.125723049925263,-1143.2380065756577,31.286240309682455,-1153.5906953821766,13.18226867695456
-35.494988627804915,-1108.1158759213747,-32.87784027944569,-1105.104507544499,3.989712392963467
93.08719856202971,915.0073510284617,113.69204206021487,911.9925454372791,20.82423175863468
15.85804304860348,927.8499592276662,1.6516705209011846,908.079125443065,24.34557226548975
61.87233984613835,495.512461520804,51.5014244780411,511.6584512976011,19.1898116573528
6.225159676079875,499.2607412309211,9.946330691343709,517.9047786396336,19.011765952228398
196.82278246730465,961.7695152028116,196.21248810744999,944.3807038559044,17.399517788260688
305.4810905106509,224.66846600647156,275.71001048668865,216.84085886187518,30.782927726311247
28.447725447007574,518.6471292388695,37.91933160510656,508.62604206849625,13.788890865126117
-43.92870602891683,-1084.4918059756342,-29.057441677492417,-1094.0744715186763,17.69129679587547
-183.88600737930093,859.1939232139212,-194.56548272432005,838.7796496200642,23.03896178237456
-326.35699674414144,196.4382361241768,-317.3041263670489,200.53228477483157,9.935577306748076
978.2904289288535,81.93094997382984,974.88183332082,84.48435268603355,4.258918809955767
194.72337211579563,943.3093505708787,205.64259613253253,901.2966103013281,43.40852218268208
-219.08158389529476,39.75938497407881,-205.38189873439828,33.15311484493285,15.209345105129719
53.492521772766764,912.1048116468861,54.96622614569745,923.4712118288084,11.461538189719436
298.92060267089425,159.66832443449576,231.75826710380272,148.5930470944801,68.06938435879137
2.2857131286901766,677.5704602517873,13.483865100243397,678.135313177486,11.21238896960285
-76.1368067947617,619.4227616799964,-71.2208115398728,622.7934137221455,5.960562434480003
-176.067036021134,877.620282952863,-160.4613598628858,860.2532197488488,23.34849058693818
22.153443031064242,940.9370665184598,8.471427918984313,939.8908183798721,13.72195950637815
-168.69496148139035,370.24782538554734,-161.93396250064455,360.46597766976237,11.890990368865559
49.366755165352224,495.852728072388,30.20295369980578,515.9242731722298,27.751003753123328
-208.74507062765434,37.570915966970816,-207.068184938533,36.96389642890374,1.783372741177556
60.56962098950975,490.37017571918255,48.142248239663836,511.8778092307864,24.83984486129246
632.2735444925254,315.03899999946225,634.3411262196931,313.74274539631034,2.440321739998741
45.16239603522209,509.5893999999512,41.55237330951834,511.5410303880128,4.103794006977339
-17.099547324483467,-1575.482530284309,-29.396582865454423,-1568.7357926172815,14.026245122754336
31.49665322968103,513.3587842886218,42.31187888718171,511.8186345403026,10.924338298950138
620.2268500785351,89.90715051028036,622.2172598328399,95.40689858759235,5.848842612340373
-34.612912192576125,-1105.774771522833,-24.85626080889228,-1105.536824696517,9.75955249562672
161.76349125328866,349.3064000001284,165.06031938794703,346.67996481462836,4.215120108977635
977.8313192710117,83.72561935931499,955.5006587514047,79.30687457541677,22.763648756452984
196.5618144162354,945.5266386038733,202.66651015340844,943.9210715226185,6.3123019331989925
-104.34188024391003,-1154.7215854995545,-113.36240002833593,-1151.1555740116987,9.69980490075644
621.017919472264,98.88019909140932,627.6903178240892,90.55152443610328,10.671819023923579
-56.749407491409805,857.2824789064375,-74.76382573087116,872.9733923792846,23.88983110276448
-72.97712380039273,619.9363642740996,-66.41105806032644,612.8550460397994,9.657033045314922
-8.056279152066178,-1097.785134545977,-1.7065529568574096,-1079.8060528287444,19.06741729099784
2.7741217425803177,-1106.6524906952811,-1.0362030641925606,-1096.1831841019277,11.141137988497478
-362.9683179475754,181.45858565278954,-367.41735638540416,178.8396251739854,5.16264438159515
-167.82189322085438,247.14224588722425,-158.82267774320198,263.488465182274,18.659709656237304
-126.69546587117387,670.0387803076526,-140.34128237828543,665.1087730696192,14.509075763563283
231.94285383135536,1065.7312887651606,210.48634676325747,1056.6602982933412,23.295161808907302
976.3390412593053,74.49171031140592,969.7003618821795,74.2044809934057,6.644890108451281
-26.83173691650855,-1118.4009075414951,-23.233844655047402,-1107.7204530756455,11.270179072320405
603.3433153502158,137.21971926825358,617.4525512232743,135.40437711592728,14.225540553933781
833.4536993654024,-1082.3789120246718,794.8840050474273,-813.1070064555987,272.02018389925007
-83.26266983371409,-1197.95267768515,-94.32889773310696,-1209.3628408628824,15.895069161969063
-116.8888649615567,-1147.6867034958357,-122.54755389143034,-1150.2646700762405,6.218253138523583
42.76988688192507,503.54149937577097,38.50222692873099,503.6658911188631,4.269472424298577
108.06056064166067,911.2454653632296,115.5834275612404,911.1239674046305,7.52384798116301
-52.24770122145943,827.8647805135031,-52.95455493776575,842.7948503095108,14.946793177465135
988.0733644657471,73.34040423185102,932.8123269909519,66.19123862598514,55.721565229727865
16.141074223685578,960.2854427510555,8.522801076502388,936.5467394968939,24.931187655910698
134.31620015260458,278.96074790784604,124.15772791354851,265.8372164265573,16.59583190961061
133.13076831751945,901.9690098292599,118.73411615293351,906.2166914964654,15.010209628582498
512.3115613162265,301.08036126570033,512.21503042838,311.30764840745036,10.227742688008622
973.1737958149536,95.86670295179543,973.1075199986608,90.60138971208148,5.265730338341706
18.50641154126518,716.1248208780182,13.04888992785183,690.1867082687959,26.506041347013195
17.915205830755763,-1118.3394460114396,2.6078606176040746,-1092.9951852992126,29.60821454468218
-44.48557397874658,845.7715243219021,-36.8636186469136,844.6539098760659,7.703457998197888
-10.837161597042252,-1108.7716431016943,-0.8888082187313759,-1108.5410401597524,9.951025708769006
-6.5690757868326575,533.9081999998162,-0.9978905111142278,548.39634793107,15.52238821361819
-0.5557670096275473,493.6500359169605,25.902946841285416,501.0081377584786,27.462796677589946
-377.7203478544089,507.9468310955404,-389.9229467579383,513.7692539183901,13.520503967251283
50.504895638963035,504.4501202566607,40.9939399192321,512.5997699082214,12.52497777027437
50.58738840999233,652.8875665171382,47.67564528498289,649.8369815640855,4.217145549045179
51.32545873510154,493.8738819901055,38.67562952002328,498.25923120245943,13.388407929434367
47.38857110855865,907.6806437077017,58.66206913316457,923.3647961414348,19.315392703110344
237.1840862099283,992.3380546724882,202.75534765309274,965.1404458223351,43.87536855435929
106.47715918441018,901.5412702584944,97.93009647562187,905.7049390344648,9.507282399505716
46.658949833856425,496.1437754029737,40.46080639898694,509.31453977778415,14.556305034451295
40.94437537794645,498.80741413177697,41.52842096549105,512.3224684646754,13.527668049945852
-91.76148862905069,595.3231439101601,-78.44618497167409,604.4563762409514,16.146617116175094
-322.3707482335056,208.27350889297495,-315.22758383788494,200.00177339080307,10.929153938011547
-62.744251636510285,1204.4537251788763,-56.07494334273351,1201.663022880034,7.2296398553595305
210.97859252176863,941.7515344742186,209.99256571049503,945.7298658585378,4.098703389611076
217.60063544231434,1053.4461999997836,219.17872360301612,1052.6637839792224,1.7614020188979957
26.559900654508105,511.32272693502114,34.545375505236066,516.2813255919837,9.399761126349928
-51.73147182205472,847.8417999997125,-53.72033901855939,842.7992334504786,5.42061529060911
25.19519889352329,980.8001846696108,2.516956567056417,948.187350557938,39.72278469359168
25.234912241999446,514.9938507146843,43.43676010107909,504.5176471964874,21.00138342204539
-403.7549283715247,375.62789122835045,-348.4380207163007,393.9453314153149,58.27082363876115
-143.47683795070185,835.2397427465961,-135.6479833811756,828.7882921286978,10.14456400965427
858.8643649309475,-1074.359121180875,834.044102765109,-702.2197421124959,372.9661685292378
39.22468148223571,502.20310245649506,41.44888170074505,511.8012751916632,9.852511683126385
2.6114102948188767,-1095.9409658993052,5.631856458210405,-1093.4773221373734,3.897773160620273
217.49974466361124,940.3626470525603,194.43756558141857,945.3839140582031,23.602483478674067
2.426454348069787,667.7137996983892,20.807297686107255,680.066726757096,22.146110465163154
-205.41223836344858,867.2275542017434,-192.86435402889447,861.2813406940402,13.885490857457663
9.034463908790954,680.3870464351395,2.1959344756283317,692.1320404549687,13.59081930326698
645.8031268312941,130.20925907699367,620.9154650268176,108.80356388363107,32.82681064016338
884.4721294033023,-1098.3062783827343,864.0302775239915,-1105.7733259323309,21.76295263431924
334.295341701184,117.8968662393537,287.9064863036622,89.99040464525706,54.135907711933484
88.67352693010281,412.44144514177566,84.67801292203923,412.78590768429297,4.010334977508709
-167.05974357333892,660.1028317405918,-170.39729584169106,677.0362966072523,17.259243538881098
8.515211306277598,946.8670733707789,17.309738110364307,943.7288928282538,9.337659172687916
197.81847391761707,982.4258962310699,197.97808260189274,963.1312306156734,19.295325758899775
-66.91326087766933,-1159.160313526437,-75.76781780042519,-1130.9007400486553,29.614298429043824
-163.78232967553365,1173.9676273218145,-146.96550897687624,1184.0131136594964,19.58870220742934
604.9342764327104,145.05810654293765,618.2673328415941,130.19849784937819,19.964427458061103
9.575467848949314,671.6917803010281,7.2379387520442275,679.8531103868485,8.489484733986808
18.232792929399093,682.2558462304805,17.89176400384764,678.2475526796632,4.022774902674384
-119.1183820022996,-1216.5226109939701,-127.2855190806404,-1231.4298299689942,16.997861795700278
-13.825849522498041,-1085.8428525033037,2.5561470661669508,-1091.4800404226844,17.324771278993655
968.0180998849855,69.51799680434618,952.6174319628043,80.57291836477972,18.957633374359805
211.18602807395393,937.2834484888825,186.41386016843464,934.1117014193169,24.974392529399758
149.27682903958814,343.7181618276664,158.12908415465114,353.52294177865923,13.209698350437462
-114.81108866993033,-1137.976706228,-118.74303496778202,-1152.8560595653678,15.390105828987245
-92.86950392714944,603.9871016444201,-78.13254680095743,611.2486252682886,16.42886577579905
690.4406197974986,-1229.078840273789,687.9806229658222,-1200.0339173285488,29.148913072476578
948.2021239196868,37.02006633212861,951.8145035639255,32.20836858905184,6.0167866727050265
201.09435389452827,949.6007906897996,165.07857026787414,856.1075914589043,100.1903936147067
-9.460583779803637,912.6438190365909,3.7486707934974675,925.2854138407447,18.283717498766055
-162.1800326735292,363.5562484058169,-171.5879005718667,367.62089933827116,10.248383560116693
-177.99971956880623,50.32173519534866,-162.76532218660003,60.958784606525676,18.580465111906978
509.4538683071963,307.04088438889187,512.291516932242,312.68403863436305,6.316442001427947
-34.475335580792986,-1092.3527308216776,-28.403784911693553,-1100.725490333868,10.342476945897307
209.13902948317076,955.5141009429361,196.8033636250148,918.0273697687059,39.46420740738476
92.48756871856098,917.9987473771724,101.74269628112795,910.9911295316682,11.608793824856058
186.57483561926549,1003.092465972805,203.77225082251965,1018.5631709336759,23.132094623259526
-37.29276775282703,-1107.4233715270582,-22.409074963921018,-1097.382451616227,17.95395175693251
41.87318055767942,501.4508175037036,41.029921957509046,505.4074312716445,4.045476186485435
33.92235487911041,503.4348859433231,44.855336752112514,508.72154396432063,12.144086860129516
-43.520941745471326,-1105.8451906701384,-34.603553850163514,-1094.511352675261,14.421362299363796
289.09871968007906,86.76815312050593,288.5034170245412,107.62516580322611,20.86550654306866
-84.57461183410558,857.7157738153307,-100.00928338825369,851.8195933730658,16.522530974163026
163.63532218396136,336.59896939301296,168.69056181620212,341.87340137867074,7.305825108138534
1000.2177096639975,94.86651876074758,977.3802865086135,81.74740468371573,26.33740781747981
616.751851481275,104.55634049349666,617.7933484196428,92.83836379120956,11.764169918356876
211.03155965533585,965.0141999999895,211.1841129941577,957.3443371112,7.671379879396886
204.8238808561519,953.1836005929819,189.50135630874124,941.4345456740425,19.308548624747935
162.3093544322399,341.4427864542648,151.95577849084978,360.79106897884947,21.944306127678768
-76.54769746100256,613.9179347171435,-73.07161568735106,603.9974994832926,10.511811438859711
382.986555633207,1010.705367322587,365.5993048889653,1017.828324841279,18.789704953942834
-23.38734718785757,-1101.5632149031803,-30.25700391851473,-1102.1287685793172,6.892897399327454
201.9990804483497,946.2223999995231,204.87924758111072,942.5917512138417,4.634325551534608
-118.36979870281664,1108.0035809684798,-120.06794558875171,1106.5007670311575,2.2676314904369437
-82.52099480017067,-1344.0819185912592,-101.64166689309273,-1329.2219455238042,24.216087645417407
-119.87604530908307,-1151.1610765376925,-120.67274754890107,-1152.9760682761957,1.98215273623559
691.6093381072656,-1232.6871539922295,668.9044142639624,-1194.6216544370739,44.3226333052736
6.509194045649616,814.733121344721,16.29876428843146,807.2808536808454,12.303332023171809
24.655670492242198,686.2325010881758,13.977759140821878,689.0479030733454,11.042838365514907
322.3564053076365,147.06553184712865,317.22649714621906,147.98291962170197,5.211291401707839
32.077064317908764,498.27691840328356,38.45149997123191,507.46093537589377,11.179427429504146
5.7742665753282365,688.487648176748,5.061735861809976,682.43029674528,6.099115213046496
13.521839476173412,926.0208381372722,16.959315992302347,932.9957193874603,7.775938094735805
-177.7232323478156,295.5305473887075,-155.89157353244522,307.91829990792263,25.10134934835299
-3.3318253758888616,-1105.0962578857832,0.2280832487312207,-1107.5909327979114,4.34699348203401
974.5933953436227,69.3705740874192,973.8967408293959,74.74617300076304,5.420552664566225
199.92845300844695,952.4155840447819,192.21140415414965,950.1821686572308,8.03374055549227
201.52219824215925,952.1640698153986,195.61674838208828,945.4984286111238,8.905341695518413
4.873734607936305,691.4544660927597,16.901867275995663,679.3426835512654,17.069600224167047
524.55203062912,310.93251237815707,506.97552237969546,304.8124384222609,18.611527273916266
-62.47066270276135,373.20362664174513,-68.70944578291984,379.4305499297138,8.814589494441481
48.22858451316911,507.540115226411,38.64024903470404,515.804252785946,12.658283724522425
218.79594866883693,959.502040351541,210.215007804617,953.086690545582,10.713974950878814
-25.579465498457736,-1561.610142467505,-25.171224623724942,-1564.8998530942376,3.3149444368556007
620.2386009171321,91.73298283874973,625.5447774313772,99.63390195419487,9.517354257835118
30.333042154757553,-1130.8185337719478,30.577891896980187,-1126.9139537105355,3.9122495897176175
965.4599952041586,96.10626890245958,967.0493927543778,99.14670726397935,3.430808942923467
34.566833836659576,516.9180585027739,38.30321004454534,512.1043349842807,6.09363941166104
185.73734603128915,958.1007040509143,177.060376579319,956.4143020224219,8.83932976373922
52.23488188794058,518.0583002301805,47.80316377404403,508.4667620257088,10.56587575967459
52.26042413749029,521.8796360933023,41.79880432474468,511.91801982389893,14.445735973126261
918.3408750897519,-1072.6122173760948,851.7440276786716,-1039.17270368384,74.52074315966803
-44.04424238826328,875.6742740398386,-54.580004305770345,890.225222390657,17.964753744223096
3.498779324983248,945.3260738530486,14.577780027960332,938.5309280001145,12.996855917459953
-21.56648710073241,-1189.3525537215764,-30.56564728008043,-1188.393669600706,9.05010180555006
-335.01096115028247,628.6755510352987,-330.2954015346456,616.1770505853026,13.358481050897126
131.82591842035197,257.97990763296013,105.10876534761722,258.8089997534973,26.73001425469647
49.86684100803942,521.6544103614576,42.39051484435508,505.988428684594,17.358526285535238
16.09639287514453,934.4007815010225,12.131282822261092,940.4715744271575,7.2509740368786595
-93.26086333763722,939.6007484496058,-72.37234854977464,921.3604155931635,27.73156672019387
57.16479137537541,499.19853661045465,41.85500087255059,517.6197180142814,23.952653497119613
16.159856314907692,923.0954220779456,7.378747691106273,931.8969650050393,12.432820539220883
226.3241106956384,959.1733739664996,198.1815756338186,951.8415840464673,29.081908863368042
-52.03701765252464,597.4897358636493,-23.43193587558002,589.7560069910942,29.63209857131085
-195.37898381897853,517.8128627413926,-180.80299893911965,520.4228480772898,14.807814108485875
-36.6339869955664,-1097.5685897300734,-8.53044985423554,-1097.0119018446874,28.109050166377
310.45034530908663,213.1299526405156,270.7894437996522,200.67955183640169,41.56921443477299
412.9090867029258,1037.4686073553885,394.5806261149107,1028.6396182002707,20.344127335120845
931.6895862734912,-1105.0648953011994,914.898248735949,-795.3463719039393,310.17335919075776
-70.72494464851077,375.8039421853327,-76.35698699347616,379.13023264873914,6.540956292655677
988.3664599596591,92.9668398664673,982.2336647745873,102.32309225005176,11.187074481175582
-22.240300988613964,-1119.4050055969933,-24.958090979773793,-1105.3758001251729,14.290031091869777
56.289830487749946,506.40473245726326,44.85624953777559,508.9298991630448,11.709109284296739
-12.862776603660604,945.9316122391457,-4.415954624223342,948.349235722685,8.785994813364336
18.82307129202635,677.9246781491343,21.296187046618194,671.0657512006361,7.291171402487021
-41.944537733353684,680.1002318214099,-36.418354788960826,666.0461365922691,15.101532725013588
610.1017409345428,107.53872840424006,616.5783927529732,124.7215726875679,18.36292886339947
201.1779459750138,947.327799999874,204.36092184242457,947.410972967384,3.1840623604200537
21.043054576833825,693.3966936566072,8.548535173335942,670.5423878139477,26.046733205417652
194.82557711176244,962.363906115071,172.45503659025877,963.6836025776481,22.409432879427722
152.98523270378803,1070.8376628548513,156.3398972638413,1061.0254891418354,10.369789162990623
71.6757057070825,284.5707603905278,56.85749986424874,274.29319136097337,18.033514620224466
63.58143281163312,463.8631108056482,61.56270063067808,477.9168933168475,14.198030937088243
-89.79998965141496,597.4918633418584,-84.17669222978945,610.014560042457,13.727323356985577
-85.01691247828751,860.4336715577754,-75.78564658257841,871.7633346887719,14.614292206574511
55.68786193204147,513.0036972230075,60.79024237842702,509.37758620229977,6.259629969427569
39.77075364156874,659.8734816425033,20.725864720586856,680.8769225147806,28.352289545780756
224.3061340088406,933.5333517158315,176.4003475812819,942.6830817587472,48.77173293108521
208.34773099852117,964.1938875030419,199.8494265302773,777.827313660337,186.56023430705517
-53.85395077598384,900.3859477745183,-63.338640119636636,888.3796123951315,15.300700022806648
953.3455845015659,85.61094798671985,947.4450284607104,87.40917216792252,6.16848213073021
95.25159891060514,95.06439999954279,91.5625400829197,101.2777953863487,7.2260249976667605
200.35681150153223,946.2223999995231,202.24274613747207,929.6902057516425,16.63941693992595
-21.526444020827604,957.6642499452782,-5.043382421258616,947.4001079110404,19.41761909694886
31.897811478083938,661.2489350703831,27.556809777743354,663.978787566142,5.12800062509366
197.64991305016093,940.2202655467695,196.07636962184716,945.0197542895598,5.050854493346714
222.3854243569263,984.1419576103922,203.00439128155003,964.3321417314296,27.713773619397763
1.419737559934568,955.3903654825814,-1.587374441428055,947.5426274994836,8.404148620776207
208.05331008391707,1073.967510845614,218.91532692704087,1067.2278879744604,12.783032752272925
301.63092290943365,629.7688764984242,286.73403720626277,638.0592142098454,17.048369512148362
-20.327435294747932,-1102.8235884006376,-35.74413942527484,-1105.6627117377968,15.67594933558435
-26.959847936077203,-1107.0273582022883,-3.1765939483705736,-1110.380968545864,24.01853185730348
27.786692300998844,808.4622580516533,14.189251435987495,809.8431360233266,13.66737802397128
226.5472414627477,1048.9587292793865,223.83392522019534,1022.5114191445886,26.586129812334175
-91.82345052508194,-1369.6711272041673,-109.65645962319522,-1333.7601762213644,40.09504475596283
20.079946856303078,680.2221462932304,24.76492616007711,683.6999542338989,5.834738995787907
-317.0857697528893,215.38507577256706,-325.7783619483554,207.3081201953818,11.865848914953453
28.66440860501957,87.55620094863788,28.139141468353102,87.10914099608706,0.6897594986924993
46.75547607702467,527.5354620650936,38.832238136950274,511.5802415629744,17.814229164526882
33.282122793380765,676.1663158190414,9.211250591863868,659.9096887129546,29.046253001172403
13.684976056479652,494.1429968704162,1.0917746846232035,511.76798413291306,21.66169191903771
12.647451322123361,680.4208798975048,14.248836896811111,671.3364299862312,9.224514401813103
-2.2971407120199805,-1119.4921569393466,-7.9835932868908355,-1117.2242752599705,6.122011940359591
980.9381134875508,71.10603270512556,975.0000644464495,77.96514245993069,9.072365349950745
198.7184244517396,934.7895205411382,190.68126253610055,951.4774399728451,18.522489752118588
-2.2112157955227385,900.7776782811732,-9.514882048307276,891.2734419164165,11.986411039557568
310.23437877989045,223.96991401351485,294.2942907007251,213.31748153607154,19.171873295482563
34.99349951818673,500.9514962350119,42.34079048025467,509.62675761701917,11.368502299222689
298.9083705898407,121.56195712448591,266.8560797302292,107.42264289932747,35.032407226836405
258.29187307871337,-1347.1386468033688,253.8538631172174,-1346.5595966429894,4.475626381476996
624.449854105,86.27350442974146,616.2283414612012,100.09505700643014,16.08193352126267
647.7456226738897,311.6045071240002,638.3534587234776,314.19146783400754,9.741925342895087
-214.39123961431315,44.15178216929334,-207.5908219960477,35.049500394709554,11.3620954619619
-33.49329223562425,-1182.698925640856,-27.769653882213838,-1180.331159481856,6.194057844768341
406.3684729820854,1035.0208747118998,392.5180543415442,1020.6942501266345,19.927023574166235
533.8453984644519,287.9033230792322,509.50658041888533,308.038237059765,31.587858820417882
38.22171329937994,271.1287245260495,47.07417598871725,283.7333084115178,15.40265011587019
22.326554962507927,938.6876933134387,4.463142231369328,881.2217543556046,60.17836533762374
845.7685075680147,-1085.5028000005336,841.7142884730259,-840.2827429618121,245.25356891703737
-49.02973642313052,849.6506524347584,-54.12819693591047,844.9097209514739,6.962092424664768
390.69767447766486,966.7149661403682,372.34746323681486,962.2808015501552,18.878349191518765
83.18079381677319,397.8871884115237,84.93595877513275,415.3260895227136,17.5270041934414
246.8169492764563,135.45089688003483,242.59396049867684,132.41917374119308,5.198555511662822
-87.20324972311896,916.1677100902994,-66.13487763127621,917.7042218436937,21.124326521067065
155.902050559472,309.6733178052626,156.50005445978337,300.2287315569624,9.463499250613902
41.44005396276463,507.7834041661533,45.35974805731805,515.0008576963637,8.213138088186758
-22.937243405910984,-1184.5127205894096,-25.343569292523515,-1182.5554257961564,3.101839322124446
208.44107751643645,941.2044781334328,183.79865826219896,950.6034527706519,26.374031753463537
-130.23088501186288,-1238.7677525219472,-130.1319617813919,-1231.9142258100794,6.8542405994983495
-186.68233696015434,662.6975629038461,-160.93636802359617,671.2928465592574,27.142841000882704
8.797420403961342,662.2949518255897,16.327094101517567,671.9423027847838,12.237947806782541
-73.90249419862556,606.3051309363221,-64.16908348983323,611.5081639149558,11.036794652560278
-44.386673912270346,842.3187880898422,-38.71689474637129,832.9818014853544,10.923631019145981
-132.71204833654113,109.662106809692,-141.00628700373767,111.0523660341887,8.409947430258784
0.41873649045748745,-1105.5179345215251,-1.43022711261712,-1110.334402709413,5.15916972103373
-88.54727779791718,604.3596950114948,-66.85738208399096,607.1306863639879,21.866183232484516
222.419049645004,950.2010345521041,200.4593430042443,951.6443389635241,22.007086208134208
48.582536741203384,513.4146940432765,38.1199722131818,510.2968394267605,10.917246626908529
671.1648705073611,76.10240040948915,554.2421237009016,64.15958197967883,117.53110070451501
-87.94445849314634,598.8508449939511,-83.2322732817142,420.8536739112715,178.05953387253248
-176.43582013217704,373.8962105117663,-169.50976527220843,370.3290653711516,7.790684204709227
186.83029449016934,940.7203181086546,207.45691134684148,941.7968348425086,20.654689812006836
-58.2694228888122,872.6169194151001,-53.0141432553577,871.4435972867506,5.3846679417282965
-119.61612250824284,-1241.5045887119618,-125.40442726825111,-1223.8796908052298,18.55105113510988
-27.485702041093038,575.572920625461,-14.811929570804864,577.1653430427326,12.773422320727652
-49.412881212127004,682.4290093078787,-34.92804316757031,680.9859451498837,14.556543797932488
205.28361834183897,948.4331999994391,196.00955495778476,945.0009905427956,9.888797369029666
-50.3235113986099,562.1062672992858,-49.93108635425288,560.8277854988208,1.337353031012681
-119.2104490594268,-1159.942426565449,-119.53682014041578,-1152.105613038025,7.8436065904737085
-57.44294101259977,-1233.6384093513448,-56.656071452696956,-1231.645014824452,2.143078496963678
93.71596569161301,106.99745386496521,93.63327501207054,103.6617359119551,3.3367427246518586
50.42480936392182,504.5611219234554,39.602580413728596,511.96357074834293,13.111708052556654
172.07890860340834,961.0965182519006,169.3422230919054,950.9520214223988,10.507152968937032
-80.36598073340082,-1229.0222399137758,-55.32504466190689,-1234.3287817390105,25.597028450185604
672.4433459064227,59.51333495824686,620.8163807697813,54.73178460830923,51.847919466155766
388.90608575270403,1032.5313044655418,397.53301675475865,1031.084863895204,8.747349817958005
-99.35189141833382,536.449942744343,-105.72850039422369,551.0494437065369,15.931307867733187
284.5900130764751,159.5367170213846,143.1423728105942,145.59623335341882,142.1329378493348
-69.87535995878336,607.2760852653385,-79.25566409528453,611.2482519547957,10.186668439784162
-73.69243437046055,617.259530290447,-73.71027784140652,620.2784187720507,3.0189412140376795
201.72693078805162,956.9859644547956,210.2089742810491,959.5589660839167,8.863712495369024
-123.70576532936985,192.58060976575203,-150.69909180808796,193.4197841069658,27.006367544740545
727.4192887961846,-1130.7717471105502,693.1255831538641,-1094.9477862971908,49.59248345303183
211.77026320944296,955.8195020850598,202.98738811675588,946.4683340094065,12.828999932686104
940.2030477383413,39.21013870366068,912.2579082235621,41.64797976687599,28.051272547782393
215.00795236965996,949.7227117749745,210.76127166741736,952.7737052941361,5.229039915774755
216.7554459131801,960.7539823947296,203.32092066862992,876.5038903235665,85.31450335403665
-15.705073075591972,-1129.100979702127,-0.7299058158087575,-1124.9490290433519,15.540087796772143
14.78042052062874,600.2321999996617,15.250591468712717,608.13291481907,7.914692374188695
197.33252867759484,1025.5270587305083,194.82351809757208,1016.7921278887986,9.088132420916699
18.256539185078342,933.5289072813306,6.569331901219659,901.2713355680357,34.30949936874975
13.959286047292897,941.80079999969,8.673450998984164,942.4533165351049,5.3259581285360245
964.6146872751393,105.5005097469325,941.0343380896884,116.15361181377155,25.875112586311324
-121.03836373518077,60.47089204472343,-136.77913310509228,56.0056877634618,16.36184187767813
-76.56014269440536,622.8558992185059,-83.35478845894818,609.2502907649997,15.207885864108096
11.977992853644322,681.0202754738739,13.499132174930768,682.4160882483193,2.0644994880282153
709.3846087123344,-1238.8813602561986,684.3737191183299,-1195.8402840061347,49.78030577494783
17.33602515141229,665.3520366985393,20.09311261374572,670.1020442120614,5.492185598964428
-120.48983777772575,-1177.0008540591834,-121.90852561358409,-1189.7385555234525,12.816462607461366
22.862381406303015,684.6086998724978,19.57064976318669,643.1373933097133,41.60173993037731
947.6519754930008,74.9594376883607,946.4995029708937,84.1718163914716,9.284186247794862
-14.952451220995451,916.1186368830407,-1.74215439494292,910.7729877052767,14.250891458576993
23.440114511290407,665.0029426627565,24.977959682947116,679.1985910611751,14.278704465864974
202.958817436458,939.3379956321213,207.93645620684072,947.9162766585965,9.917852242174314
206.18812384702971,957.1888454832975,199.80429617218815,946.010355598153,12.872913108319846
-72.25983365618032,621.2348000000446,-75.50706508999893,613.4571431725834,8.428312862639457
-5.271857070231629,-1116.358282730951,0.9934032695435067,-1128.795181624253,13.925873085999864
-106.24901272302294,620.5082154338494,-83.28640098302459,616.6928846898693,23.27742010206178
27.35400282300689,668.0221613358216,10.460214877432085,671.3439840002571,17.217275538365715
4.049922576112557,955.5063205144388,9.05287428486769,942.531046496807,13.906374855898544
602.311870100985,-1117.6104646173887,531.2147461522521,-560.0763902525015,562.0489703857602
176.04718069080266,947.7669474708068,205.4720596933223,940.0040796440877,30.431654920625533
-14.550452165100006,949.6740772537786,-4.560865032176462,949.8088530209697,9.990496263634434
286.465722192111,117.74837954769211,292.37762664584415,99.82119191204903,18.876828939035917
19.93994035126607,1162.6314485179116,29.92975558085106,1152.31661570292,14.359393591739048
49.330585545039796,517.9810468391564,39.853591264394254,511.92921880842596,11.244467222101866
-107.07562608447039,-1229.2149137302604,-102.1941469971278,-1209.2178894639292,20.584212824113585
-226.64183232702788,-1260.371316003138,-188.03473758795514,-1248.714346980837,40.32855924749386
15.381258456850986,941.0174022098878,1.9110834221090087,938.2622190199379,13.749059963385443
5.197143668626358,929.7677127131393,15.865381753603518,942.1496555827232,16.34392281746939
18.74315615749764,682.5158051502647,18.32323457287465,676.6801687819849,5.850725250772069
276.69756762219606,85.4328937349183,278.43024676042046,94.92353941957366,9.647514317569344
-358.7389346013223,179.30860253330954,-372.16489438783765,178.036241271173,13.486115058478234
64.01098828141517,515.8500248615741,52.07878353706045,511.6122457291451,12.662396378113087
15.561765693570024,644.7679409112337,22.71787038983093,625.0200597416268,21.00449107007266
-133.1156726788611,-1139.4558882405188,-99.80221694605008,-1150.5833764953722,35.12274658570798
302.4162595379578,220.15178547774156,257.46779651467176,194.7717069343399,51.61891818921575
605.5386747766512,132.30973298148288,612.0332499970086,129.48443387463655,7.082501135617803
-154.54282452473117,316.78469564975575,-156.54391869196866,308.55615909594246,8.468364168101965
111.26354377661436,918.9673572817003,96.59126449706032,912.0198711113226,16.23401808994989
-38.22957303350921,-1561.4959292760027,-21.424151651265756,-1559.45621691383,16.92875111622725
25.034417228332426,503.9810653533981,3.397433110545382,536.3635135879579,38.94588598783333
7.923764987959052,676.6258066432327,7.504465033308776,687.0295232263258,10.412162656878445
180.83706167067464,963.6830412220543,174.55572011059115,966.1198039399533,6.737437520138841
-48.04254076189084,1206.232254077541,-53.514858715944804,1197.2912056905714,10.482776829084662
962.830655522908,84.9304141625228,941.7738435116969,97.52169185154813,24.534253726527595
5.722565958685688,654.6167495160922,0.3770178046982642,639.7194736098047,15.827309136257274
298.71690787584134,204.1409439396171,272.84349194997674,200.34250326100323,26.150751485602335
948.512502493704,-1102.577252182205,935.7579369336253,-1019.1975163168762,84.3496253435565
212.66400067453156,941.1790127997251,182.69786878598873,893.5278371269604,56.29035089034553
171.2487872776013,399.862205223734,163.3360779867767,423.7029050251436,25.11951303950841
976.7346088515096,94.23617041409116,977.1911908691226,93.21754181759049,1.1162756632733948
645.1901022262076,102.52161257873541,597.5777161676843,112.77152741193292,48.70318326632935
-58.45474352825715,669.9691734820467,-36.10164388720718,680.7493045244112,24.81677434424664
19.049466623142987,1173.311439079786,29.27708395544622,1149.5912571048782,25.831205725222503
-6.293671408265204,526.382742131401,-2.771578988129593,546.850954391347,20.769035801745442
961.1899025978701,66.24510897512889,750.5001485882916,38.98434627354338,212.4460440386896
-45.642345701915396,830.1748491834403,-51.62826836701297,846.7815712277724,17.65260567763958
198.2553759446029,936.235710294183,191.6141810566301,939.2083155374552,7.276115136002529
297.5737415658216,179.1357756373465,224.74545187271667,137.94502948300854,83.66981145176509
92.78315800266935,1122.1204614740136,93.03015812144584,1040.7777406735327,81.34309581202126
-12.533711210740337,-1111.3183114611165,-3.311104825764425,-1122.9377486958394,14.834682004811011
11.463149006719002,682.5260992312752,19.661165075414807,684.7527752567194,8.495031111472302
12.84307723317255,672.0911928794277,13.432865291981129,667.4770207255538,4.651713084434469
618.8670551847724,145.56904837667665,616.8841691598177,133.7241988613373,12.009675142525527
-176.81710039294484,852.6782258149852,-196.14793343240623,854.6029364592723,19.426415445567002
40.09157148491192,642.7161314898889,43.739612728406854,649.7387306069891,7.913602420752283
192.92364619914358,946.951126873705,188.71531788652695,938.4830652152409,9.456114182808928
16.514742132146743,678.5232803398306,13.112941039714462,680.7849715060845,4.085033366324463
39.0556448630353,512.8718665785747,44.69793124262685,517.9962029739248,7.621956381535818
19.04276971762815,86.92371845779479,13.971451073008769,74.99457564900442,12.962357846772294
-69.62098407674885,1285.285026694237,-65.4374635195362,1294.5894650569028,10.201686992711828
-9.231847876696749,-1092.805716484048,-7.076795964621452,-1088.923781473654,4.4400076766445356
44.92391973266569,515.7742033056263,40.958359612925584,505.6716229561426,10.853008651109054
16.952641393229165,648.7955895962308,23.207952275012754,649.7872121333834,6.333421625310375
-15.712689939872067,-1085.1739802885759,-1.6708772513534353,-1062.533697036577,26.64122612250014
25.753483764061638,675.1376148645774,22.80762985619044,677.5690061649748,3.8196490548436866
22.188116413841115,697.2011653560696,14.67409740089065,678.4242835524961,20.22453391285816
17.9113224145698,681.8898381826871,17.053981698142177,655.1948984518225,26.7087034567112
493.97424106893,-1081.957791618323,478.97790750732935,-1051.4914146082365,33.957181102257536
-2.2588655027657407,676.4133509896388,11.517250078845318,677.5750166883986,13.82500733141151
197.5390417197288,1018.3337604300241,196.7403355570748,1018.3919057549206,0.8008198380839588
38.62489838088592,491.0966511666111,45.58537895797469,508.6705508816058,18.902122660080288
476.5157887617796,127.58748804417522,429.43273543891246,137.7482007165649,48.16693878808173
-103.06105442872473,-1361.6685493234613,-98.53338011468244,-1329.5010779790564,32.48455090327017
42.698992615068676,509.5893999999512,38.78246430583104,509.7498929468948,3.9198152996127833
-70.15003994746775,618.3318987706235,-68.59742013094719,610.5088079716293,7.975674137272721
-178.97042020338554,882.9272279339007,-170.18907024698115,868.8128872686934,16.623077918074202
37.34123211801201,687.741582226274,24.34564362756838,680.0992343777987,15.076166649717234
-67.10757658734877,609.1280162708133,-73.90346160387098,604.6054471602675,8.163190829415523
299.513479202251,208.02448284683945,288.451726028142,214.04222886901726,12.59268241767209
-83.75571628331979,610.1807999996778,-89.4448384926495,607.306267473282,6.3740919947860775
43.1661845300518,506.8815871468275,34.673093243826955,512.2924684501978,10.070264945636287
160.12122230661691,353.72799999996096,162.1246979914353,359.6503783991508,6.2520781123438285
-36.110480270977995,-1103.8861162740156,-43.928642324083,-1095.7577325281964,11.278044165896423
41.90860168865967,507.79973693191465,43.42404909836194,510.0617043635241,2.72269673545092
-188.47805018724856,862.288091641892,-191.5508047085006,865.9468705221343,4.777916202946821
-6.042678004691436,934.3691877938628,14.318063715673164,942.192388237815,21.81197534818084
-23.558604280299672,-1097.8463881583152,-28.47661601675346,-1107.4997892694219,10.833973991652924
943.5840934235025,22.704566868185335,785.104076900297,39.8382670069421,159.40351099533643
-184.78319733202702,687.0437203022248,-183.09949626382615,686.0531148503369,1.9534964674579451
27.456085639492656,1170.3837439794193,35.47350453416214,1146.9612166243298,24.75669189194136
-57.25180000640937,839.1853598720444,-45.99543888801729,848.0820704284522,14.347721922038604
630.2813028428478,81.40473164395786,624.667311195171,94.29964771540135,14.063988150939142
1.8125498197600685,664.5706561214453,12.090206767578023,674.2900794651785,14.145579608900308
-155.33378937539356,815.619103399249,-140.80358978240488,826.7565849558733,18.30765401782098
78.53582500229125,426.42325962846746,83.57493172138275,413.76571090363814,13.623734298929264
208.47389466255444,945.9534251212407,201.8153533281129,949.1192269883148,7.372819960099166
31.945635258556543,509.12526843382614,42.5911040682412,514.0166153190171,11.71542916538853
65.66745762836689,499.80967691169803,44.85126360005519,512.3275925928428,24.290165640122154
978.3380000673999,52.912467315412655,984.1584399570087,71.80369342514881,19.767547759844316
-7.586498789087008,-1114.9180022545584,-3.9229052731223737,-1106.994231711321,8.729722622861233
218.7971783653272,1044.3000256815708,224.97802054345885,1050.372834871348,8.664976715861036
166.956566044846,345.6635372120311,158.73335362712285,361.3893256386522,17.74603178476381
18.112437099434963,409.49350325175595,22.006287755522415,410.198595898614,3.9571743166767277
215.85773421365218,953.207844997905,193.49667040601577,950.5969456798185,22.51297336778
28.497590401082842,936.1502388340133,5.973738460937293,939.5557562041904,22.779847558317336
990.9854298028519,108.3546772587778,973.9378227216962,93.35869622422683,22.704632883666733
635.5580823860146,110.53999999974234,636.7228362728118,108.0720460623075,2.7290013290779815
189.20050116168835,954.5718586236463,200.01888062894307,938.0735739971049,19.72893129178297
290.8752534984181,209.39954944536174,247.40396835116383,207.95259254481834,43.49535971372026
-30.71517754192982,-1190.0138101559687,-29.59827824085885,-1180.5556865089115,9.523842027866419
0.7068436644516594,-1112.9665890871222,-2.946647617406558,-1087.9050666071969,25.32642705867561
281.0303667390026,90.57158571364315,290.1211334652591,91.0235558723058,9.101995204104096
166.7361048185849,959.420438070912,176.95534393532165,962.896948170249,10.794395332571167
-65.10414207235715,-1118.8376780230633,-78.68792281265131,-1146.580906012169,30.890221728823548
19.801619041562073,678.1907449087709,6.517370580789301,671.2535616283157,14.98651957707896
36.609864108760036,804.1993673476481,19.748416788647962,810.3072280235289,17.933610003702118
3.067322488888898,690.4161192947666,3.674366534588393,687.8538054593387,2.633240335526709
-1.8762909956829326,661.2714970153288,18.179559934749115,684.0538847984357,30.35250153848227
-104.85847509610154,-1138.525659513493,-104.0950483836272,-1151.6791521857792,13.175628631120569
26.127843924167,503.69394921157846,38.90292984424546,510.18949401964676,14.331605723679747
-95.93496625873385,845.2558104947204,-69.95379482588449,808.665147786564,44.8764734180971
25.539365742401404,501.2716161028548,44.855296684040134,513.9670182293825,23.114463508729752
169.2184421190033,966.1540021624334,167.15054497112305,965.596060453461,2.1418444305836744
4.264918431657828,-1100.6580570131,-1.7866939509931075,-1087.293220549875,14.671089465973589
194.31159292742834,947.8922034707911,203.7801274556715,939.8532191025396,12.420886272143573
-9.009768916786099,528.7423144185412,-1.5167384919813962,530.2004330077285,7.633584660379581
16.817045967520226,678.5133131399311,18.849366983397754,679.5035668406794,2.2607368496627376
-399.77430537056256,386.3818280197485,-394.7791550500978,387.35359124847344,5.088796566649221
-112.70181260387831,529.8064133828631,-109.40484110094798,537.3217450659275,8.206718674208785
-7.257531040069056,-1110.8269399636201,0.0783012903740054,-1114.2986731065123,8.115871302320507
206.9176119371953,1061.9525639232784,206.12560155773943,1056.0071475841437,5.997937636122557
493.62886936122186,295.7430320813652,504.4560050856402,310.73784378426967,18.49516817983921
50.14651331444856,492.89467368268896,39.18142298905224,510.1645061959266,20.456791558780186
-13.348378158874423,691.7058425216856,20.14787932503135,680.8321859506976,35.21697989112499
-0.9492859342364868,-1124.1377174217737,0.004084185901474096,-1124.0482344053173,0.9575603355434064
-193.37260778710043,35.65832265210275,-202.94506190939362,35.35948926122599,9.577117484865193
608.5272381727766,163.23716980762052,614.1397713515493,177.21133641956493,15.059145433297529
185.89383858819522,974.1827319992695,177.88528654066602,956.8732936786187,19.072324474861514
400.71362300306436,1029.1273999999185,403.7318170891383,1026.023045889266,4.329724008009748
37.89544233298131,662.3683661403987,24.089303701298622,665.6806704287001,14.19791617159154
984.0148868783751,75.58818770758097,911.8794562939241,81.60504765339546,72.38593060265023
-17.4916266106928,901.0362211208992,-0.5138790607613584,906.8823190436942,17.956078992700814
185.51367410464604,965.9830717352045,175.80770393217998,960.1278835581886,11.3353026239738
-23.592952610488403,-1095.8019682981944,-40.29395880088083,-1103.7294773867106,18.486995648834707
215.04861664065314,966.5123243896045,209.02891592001703,949.6720078335186,17.883877053793665
79.52883636150035,511.81548041138865,34.61283828379979,511.82120776724366,44.91599844285559
-130.26269952360641,-1235.6977301884906,-118.56517183483855,-1181.031214663498,55.90402555875327
955.9404034528819,110.52685267521386,960.3758773157541,104.45214638263103,7.521667696021127
-0.20533086759258184,-1147.497559751716,-0.5213689028042776,-395.5984183814321,751.8992077887898
699.6065713086907,-1239.1534000006075,695.0486863672543,-1199.3525872254825,40.06094123582129
379.6209092221139,1012.1424381428175,369.68343004653894,1019.9379345265944,12.63025162989498
383.1633290144371,1008.2218307090677,369.59073825807917,1016.1938863032618,15.740676295397693
-102.46721417772542,-1144.8732036500164,-102.60242301100982,-1152.165643010991,7.2936927041170545
984.5546834793067,89.28887811227379,964.3002125200707,83.79021182301213,20.98758978061083
325.98413587564636,115.53059296521693,304.92357842114046,110.18067497585845,21.729443223134027
213.70247232951343,941.7402105644287,207.35570473588365,942.7664783450055,6.429205584284815
26.43089175308996,78.56938485413053,23.765226438122994,86.24493485731963,8.125259344960883
15.786269874020235,343.04786660535393,-0.12199184091227862,320.0793739417945,27.939657228154612
0.34423177925872034,-1121.632164690415,-1.0199318470300165,-1121.5802654085685,1.3651505172490774
643.3162998350076,76.9725146806471,587.9662526122378,67.97068080238986,56.07727472635052
-11.74437658512477,638.0859872778487,-2.7329865754911093,628.9571924476381,12.827316358373848
-187.948771772076,864.3180633496479,-190.84010948149987,865.3708107386191,3.077029544044409
-85.93840691611055,613.1213676208723,-84.24724034939256,604.4545294561768,8.830296038605221
30.419480871743787,81.264539721423,25.318753766561798,83.2336331958088,5.467608811208696
197.0793440716477,938.7637594126729,189.9437704471081,942.9969302802092,8.296755181695014
1.4598696807546836,-1122.1283549083894,-2.0703293402281053,-1126.2959791670285,5.461812619354932
-393.895205505643,392.9917337043412,-313.326269464091,373.5929861520639,82.87137540468771
-5.377224946050349,327.4891642148183,0.466313085784542,327.2208017942484,5.849697010809612
35.135740012694406,688.3186604606774,27.90265389000336,684.006073437606,8.42116035293412
34.81815857440227,499.84170222501854,44.68730775524711,505.70307700374525,11.478493797117462
-74.75874735150013,876.1205930355336,-52.61310097429982,867.9764257373117,23.59570118571245
38.728771300427724,-1566.5482154878955,25.02114326707734,-1309.7888676078503,257.1249925427063
11.521809220310976,702.0835684422784,3.529717664886965,689.2602978732775,15.109923742894415
-62.948519239528416,-1140.538815731716,-76.25101778373644,-994.1168090237983,147.02503363676604
519.9594528794773,252.16274565275347,514.132647864278,240.0566846434805,13.435340332324696
965.5508273601188,108.4617233215926,964.8446367360466,106.96246676187401,1.6572493564297046
198.77943509793772,980.814011797425,202.6260211293482,965.3272748791932,15.957294396969896
373.886310518017,1008.1590901257604,376.26303842788496,1021.7365040915113,13.783867583334985
-190.02960241668362,148.09525878645815,-173.84569495998576,170.66756062689774,27.774586782576495
-79.52931691548503,-1147.2918164393516,-78.73530811432158,-1147.044041921719,0.831770513971862
-66.74521964915174,883.3498839240808,-63.93339267008895,859.8269489762115,23.69039551214536
15.557921663982249,683.8003817914446,13.031979858353312,679.9859812907844,4.574935320292611
32.732438979773605,-1141.915602162735,21.913663651670475,-1151.1788466070038,14.24266819224018
13.731460087574945,-1071.6366700760232,1.4487664831979803,-923.5792039363047,148.56607231091792
217.21943071483875,950.0422937831535,208.2333124000366,943.9492123988562,10.857069730055763
51.77350726010192,923.8644209361714,50.37946087743606,921.3238978807101,2.897865199134421
300.344066930727,152.9385248524484,263.68780087416366,146.4262974490683,37.23024237045596
205.38986049424108,979.9514751588613,203.14672468844262,948.2803475556078,31.75046427857109
213.58792528712357,959.9479906252731,190.80607314044047,944.2261467909008,27.68012212375009
11.616212320972423,69.05237373765533,21.32667221034352,73.64492842496689,10.7417219205783
399.97521678542836,1037.6873232096664,402.54990164048195,1035.2246626925335,3.562821764484956
22.684470487898214,943.226904592035,5.918880588738674,890.6005584853697,55.232393658118134
68.4058749260144,-1141.6256320697207,73.81854634100554,-1130.501945054513,12.370667914828289
214.30826133361109,1045.3283067187015,217.15192848701483,1054.2666358736633,9.379774568814959
-72.5064398119252,610.7701829639287,-63.294078793462575,620.4634720116167,13.372638038043075
176.76783587557992,950.2479691766886,175.09544538161109,955.5361122321036,5.546291277858721
47.402311510275105,515.5467083530222,39.66279183614472,505.85629976006794,12.401781464154743
616.2726208141052,87.55053995079409,611.814479216844,121.06530727843932,33.80997863837578
-11.70767588177141,968.1848985749184,-5.565008154796467,947.8116011087294,21.27918270164159
201.9990804483497,946.2223999995231,200.65354838967804,941.7307739636619,4.688833646754693
-172.6025557600173,872.6170340067703,-167.38772666757188,864.0752537990077,10.007819521810935
-131.29286251017106,-1154.5767484366565,-95.87147233949311,-1147.1244590068186,36.19684377634982
218.53530656872468,982.529649961377,218.9030141156248,961.3981927443082,21.13465620626126
-189.74608417396837,708.9420283471303,-177.06396563370262,682.3328289414734,29.47686590666254
614.1331440262672,83.8692240355186,620.4313373019596,93.27479490211043,11.319540709077272
945.1257788454453,42.00519999998067,943.6579815733617,37.74027108925009,4.510437611310206
21.547801842269653,674.6017854089273,15.243172912694657,683.5598145296981,10.954206117661446
80.09716418036606,296.36907550308223,83.48673176254945,299.9797205632247,4.9523657119118125
-76.44039754115664,923.4136774010169,-82.72100443916916,888.273341700974,35.69718779006369
-50.54723958234071,676.8946027858113,-44.71164352007524,672.62223930966,7.23237658548558
191.05030592210105,951.5245990650953,196.40854936850891,944.767803559074,8.623517747483538
-65.52540577980196,852.489557790138,-53.49769087559833,851.67463867933,12.05529008253066
-0.15627865059227747,-1100.021191205512,-0.34186769802998657,-1110.1905871714612,10.171089302861953
-19.25100102758503,-1087.478994092608,-19.4716042806574,-1096.192212766247,8.716010867932452
528.6506426822024,338.76254286810445,526.0201192376762,324.83201911315774,14.17671138449733
18.536557848939676,659.4666939093096,19.00976718807303,672.7319704946718,13.273714249026263
16.88466471374041,-1100.1341503095666,-2.149791001712389,-1098.0147024143344,19.152090323621028
24.69143868490017,521.271190641827,26.206675905255025,509.6791548062952,11.690647486183298
39.06705806225255,526.1806703574802,46.5579396695088,509.8954861247724,17.925415831917636
371.78461336668727,998.025569597871,370.41836048635525,1011.7649533226071,13.807147137209684
-104.94904041083176,-1348.1317038773047,-98.67497129976775,-1335.4872579326627,14.115450983138363
-144.2893411107892,-1250.199154626217,-127.412089867341,-1153.9634859238322,97.70437830583462
35.03069315387817,510.1043853607163,38.772609008366516,506.3741515542447,5.283614152548906
33.97553735398946,66.17440075750187,18.411523936051143,80.41041562981968,21.092715167057506
-44.54084149633568,-1236.6215049844084,-58.70577045136691,-1230.9978573478654,15.24042732475298
14.163708588677219,671.220314979547,9.105320215776256,677.3943232381189,7.981583233169587
-27.0140951805429,-1115.1119765799958,-34.39669326591373,-1103.6269453654356,13.653157015487047
-158.42602174046516,829.6311446191592,-155.56362791486768,827.713376380418,3.4454511214560624
-376.97258961638545,506.58392973222743,-385.00305614874696,516.054602585453,12.41700596038364
-200.63407600458493,690.9064404298834,-172.2425751119829,688.0716465067676,28.532672141269156
386.6342742061483,1011.7523073687411,381.31439431378953,1017.8512811890039,8.09312076577226
25.06621015194636,513.9844005921472,43.05697922459811,512.8471895966926,18.026675252904106
977.15002330671,76.27259999986154,975.2323586468771,78.67288313317214,3.072262499791861
292.79688897599067,111.22225085479229,288.58045380736706,93.20972537953678,18.499443222106304
-203.34071567379004,-1245.7650131730302,-203.2981579558578,-1236.2173139301347,9.547794090372054
17.23445140800267,959.9624635651483,19.318176545452005,935.1585155315266,24.891318737725413
-38.34931060714418,-1094.854527810577,-27.57583372417615,-1099.4352756606963,11.706880669683898
642.7939256404163,93.07410729205654,586.6946951674664,115.43233775055256,60.39051356705264
31.451729280261787,514.9912610031037,45.03767155671336,511.8271405943075,13.94953352268221
-128.97340667036138,61.14953754120845,-131.94162429277455,0.7355938016400272,60.48681603475044
9.991283820343071,707.4136642732774,2.4551433626024495,689.9234232318847,19.044735353498915
33.43419742561836,503.1964818685921,39.93346641983874,497.65769235452603,8.539243920884493
-13.21125449960723,-1124.3059693158382,-0.8026944320362355,-1132.618023765956,14.93528078518246
387.60211431984027,966.6229624264041,384.00421902770785,900.9757881659378,65.74569445155457
192.210932201483,953.2822798694459,204.9783453709706,908.798049659577,46.28016396259868
-166.30908342265383,190.3293780315977,-148.13442658077076,177.32640270880964,22.34715907146236
47.081890148962856,934.1093623758563,55.96277036080509,926.2863323448273,11.83511014750065
-300.21035011819487,639.7283500199876,-303.9063694021972,602.5746058886454,37.337129797628606
1.1989809050874785,953.5431830763996,11.479487516471483,939.5445521297316,17.368088109165043
102.72910472046712,900.4445959328237,103.2351143023647,904.1466451403556,3.7364707990240924
51.56629106337248,504.1553794897334,38.73225367756893,507.2018343558231,13.190655892385532
-181.76959160887236,167.46687446910548,-172.25416558369116,167.6563493774255,9.517312287698589
121.0199945960858,901.3254849320781,110.85053165839228,905.1029099995516,10.84836008719746
-207.14110084003067,-1248.1916850494706,-171.38122570346445,-1089.7810170529667,162.39676229802546
614.3198634103137,-1117.0336221113478,506.209440784177,-991.9339573819781,165.34143339103662
-2.335256554076326,914.5706192138058,-2.4672672014288497,911.9752982816445,2.598676115241915
385.36891677656826,1037.0580297086472,401.110969872692,1032.1977608195004,16.47526780832369
322.7405799393761,112.03699658633313,320.9339059950692,104.85109051846737,7.409542277173902
27.584960807346796,647.7462380063297,25.608885761286786,651.9266296706115,4.62391036401639
943.525734925183,48.18514005657096,903.1323276481874,37.4299749607344,41.80072879369382
622.4608761135216,118.42045121265187,621.1642056694134,126.50436086643042,8.18724309710405
104.35881541487531,1128.3792143787239,94.07510918277137,1133.476251613605,11.477560822839395
99.56774141031286,91.1888178727287,89.70671497531463,101.14699196753119,14.01445944923062
12.755037920101056,959.8281189917286,-6.198243449712114,923.290040035596,41.1613664555477
-303.03052082446555,638.6503930822901,-303.575451523166,613.4989348470551,25.15736076827523
34.954239814053714,525.8174361748949,42.766793520856886,507.91475112430913,19.53310337458309
49.06960045792682,493.6607572646097,42.251637585149254,510.82796484633064,18.471535775036976
270.87393256332416,87.07417142049064,270.93006269722457,90.19460346559941,3.1209368369246735
294.01633328812085,141.7592206727946,259.6947427637848,149.60331804962073,35.20655393214911
-24.729516975603865,-1189.1768983931686,-36.98921376528527,-1177.9701923124924,16.609949625257443
50.410606884659515,494.0392510172262,40.04033976698191,516.1924789138905,24.46033414190265
-79.8483960934077,-1145.99889265788,-85.00608010923573,-1089.205632984149,57.026976500380854
39.07248320955532,676.9083470063603,23.65120593406786,667.4011749461557,18.11634933947234
5.44501825851636,961.4012867976754,9.666486124502597,942.3248145986704,19.537977953282834
183.67189335092607,945.2089368405049,197.1044879437444,946.2884282968787,13.475900686017109
-0.4794542498744322,682.6156238651712,9.569962792313362,683.8109693484159,10.120258579311505
-31.271755312920916,-1115.000798739582,-31.30317414033952,-1100.9448806398145,14.055953214566696
-19.088937283223256,954.1137028101621,-5.681848212737893,904.1198480838292,51.76036657271278
29.441925851478576,701.5895541111628,23.7103121769737,685.4191418320338,17.15615424828002
203.5210565238107,979.8159710414617,205.7365870142907,958.158707437606,21.770292652170237
22.79891285579962,670.5109507312465,23.060946901135985,682.3275387764648,11.819493003987676
115.96466103631998,908.0728939155721,109.38162002416753,911.420535776728,7.385332423002002
296.97675912531474,205.66026371965708,273.1548819803744,199.96745979841796,24.492648839892894
7.043196486127327,704.3000368529644,16.35771825916061,657.0632058011287,48.14642794309852
58.756432204114304,507.56097083497195,36.61401821760485,506.6472079974414,22.16126033584781
-359.9169389882256,169.73119051320882,-370.2624005363905,143.07813994374317,28.590447343528076
211.53926834646964,965.3166793160755,201.5275869466724,941.1193802409719,26.186695992069268
-124.61084651996099,67.28876759766804,-129.7086877160126,57.08286453586776,11.408262013428043
638.1076938429126,333.4595744644896,636.5321626047282,310.20584656905584,23.30704099016796
277.48245254751913,93.35497909424502,286.0213441416984,102.48814986265468,12.503098733597138
89.37883093673128,79.99066956041288,87.54870940406227,101.8399833201905,21.92582624663313
82.83065352515935,404.9589433427999,86.31456754487908,409.7478176626388,5.9220751555525
41.29050980871451,503.5019138374283,41.30323184674134,509.0918697081067,5.589970347540635
-34.03206677894753,579.3640448459075,-23.510735918984004,584.7160149990111,11.80432071677708
987.8568474254627,82.84275987046126,981.5624628161302,81.98723633783719,6.352259292966195
196.4796733343806,941.7270088517417,195.44470968387714,951.7590710974669,10.085307266512345
17.95312965568869,511.26836097905084,36.244163920801505,517.172307999457,19.22026339328609
1.2099169022468272,-1129.4255983541432,26.825894274476365,-1130.0746575931314,25.624199004657523
7.974486730691064,335.5366675290361,0.32748101624028964,329.0387930538625,10.034892579990851
30.530299078074904,935.9620015395675,7.756212629183402,944.2294656715461,24.228288770673352
-153.52862746026875,-1254.187923307758,-80.08382611173654,-731.9375383479676,527.3894229464358
-9.829725729304478,663.9545659181176,-2.025083108763075,669.0127484241856,9.300411641377137
-138.64052381944478,824.9596549233828,-152.83653561731802,824.8199889754147,14.196698825514966
29.515518512008747,587.7985542792735,12.572165378826945,603.1010590611329,22.830765821464055
1010.2513329819668,74.35861661458105,985.5530299353395,77.59053898773257,24.90886379602885
198.68379178087022,955.4517581261528,200.40966687418393,945.7091237283743,9.894320080050836
-85.39798523013731,607.9699999997615,-84.45941225892122,606.3258811065656,1.8931577211794017
40.72161203860606,506.9705111232597,32.708012307249405,499.61015535847446,10.880837175447807
159.76898549741375,406.1651769258915,163.08848331335167,421.5546976421646,15.743456216047871
295.4624080318353,89.43158626747339,277.44736298992285,101.74533293602431,21.821324544568405
-201.3827042891717,-1246.8553591192085,-202.51394932350715,-1235.6501750089437,11.262143058611844
-111.41597954468376,307.92336692757647,-107.308426410927,328.0968996149217,20.587457682628568
169.09267645353634,973.0715582323973,170.19296087690785,965.3050020944769,7.844107346013464
-71.59050340838137,-1143.677138384253,-80.90632135201861,-1144.2696542611627,9.334641879760763
59.43650068816443,499.1577583741796,36.995346937108195,512.5460650049288,26.13143961050573
16.315570385070767,683.3591704593093,21.593441532849862,681.9565922060824,5.461057554080903
-333.5917168234552,202.21860784453364,-322.83962172437754,205.05879458369233,11.12089068972909
22.76259060116952,-1135.81465247176,30.883736618702933,-1124.426639072756,13.987132008170677
958.2639304192561,109.43459999939147,950.4636079363754,109.30262103429715,7.801438923952511
619.9565273920505,121.5940000001093,615.6305400228493,124.50470627341923,5.214055784892742
209.3741581591367,953.4388012510644,201.73827213080668,889.6468600545353,64.24732303418622
650.2015360014424,113.40036668091284,624.7041521928983,116.19302928307908,25.6498644341397
-196.24542695468006,508.1596396045468,-178.3256802455752,539.5267904484432,36.124997912556694
981.1856726004523,68.4452885258112,976.0311326448585,75.18936979114302,8.488339900546675
40.34767806154929,824.67877194604,37.68715245294134,815.6855761062593,9.378484308602724
201.61224054939566,1062.0606676804982,210.488858667004,540.0608610735396,522.0752746940885
534.6686032940121,301.6717608182401,521.7442109978955,320.1667368810817,22.563334323388506
-83.75571628331979,610.1807999996778,-78.74181725557884,608.6719997757637,5.2359967127630025
-75.22611199865047,-1131.804545380127,-83.02244899584284,-1147.8154192843042,17.808170982704983
39.10070173006213,494.162516989155,40.203274174639866,512.0230143451089,17.89449724908689
-35.78824544099617,678.6719166904314,-45.95318986355334,673.190472315339,11.548693759508422
298.3016706103747,85.04438057696488,267.9875970500793,87.37963059171261,30.40388870605832
292.9047478965766,95.51225430966547,288.9037990362413,99.36605910659908,5.555124048649769
20.176445113362423,681.4707381299971,12.51647473880709,681.3412329604224,7.661065051806565
190.41950564603582,948.2909361367291,206.32530925003468,946.2799449475472,16.032425700808677
-93.08931506369568,617.1622036294066,-64.74413342180068,536.3224805213843,85.66510464882268
